الترتيب / Ordre,الوحدة / Unité,الدرس / Leçon,المعرّف / Identifiant,النص المقروء (لاتيني) / Texte à lire (latin),النص (بالحرف العربي) / Texte (graphie arabe),المعنى / Sens (français),المعنى / Sens (arabe),الصوت / Voix,الدور في الحوار / Rôle dans le dialogue
1,1 — Salutations et présentations / التحيات والتعارف,1. Bonjour ! / مرحبًا!,3c010000-0000-4000-8000-000000000001,azul,أزول,bonjour,مرحبًا,أيّ صوت / au choix,
2,1 — Salutations et présentations / التحيات والتعارف,1. Bonjour ! / مرحبًا!,3c010000-0000-4000-8000-000000000002,azul fellak,أزول فلاك,bonjour (à un homme),مرحبًا (لرجل),أيّ صوت / au choix,Dihya (♀) — U1 « Première rencontre » / «أول لقاء» ; Tiziri (♀) — U1 « Tu es chaoui ? » / «هل أنت شاوي؟» ; Tiziri (♀) — U2 « Voici ma famille » / «تعرّف على عائلتي» ; Dihya (♀) — U4 « Au stand » / «عند البائع» ; Tanina (♀) — U6 « La chèvre perdue » / «العنزة الضائعة»
3,1 — Salutations et présentations / التحيات والتعارف,1. Bonjour ! / مرحبًا!,3c010000-0000-4000-8000-000000000003,azul fellam,أزول فلام,bonjour (à une femme),مرحبًا (لامرأة),أيّ صوت / au choix,Aksil (♂) — U1 « Première rencontre » / «أول لقاء» ; Massin (♂) — U1 « Tu es chaoui ? » / «هل أنت شاوي؟» ; Tiziri (♀) — U2 « Voici ma famille » / «تعرّف على عائلتي» ; Yuba (♂) — U4 « Au stand » / «عند البائع» ; Yuba (♂) — U6 « La chèvre perdue » / «العنزة الضائعة»
4,1 — Salutations et présentations / التحيات والتعارف,1. Bonjour ! / مرحبًا!,3c010000-0000-4000-8000-000000000004,azul fellawen,أزول فلاون,bonjour à tous,مرحبًا بكم جميعًا,أيّ صوت / au choix,Yuba (♂) — U5 « Une visite » / «زيارة»
5,1 — Salutations et présentations / التحيات والتعارف,1. Bonjour ! / مرحبًا!,3c010000-0000-4000-8000-000000000005,labas,لاباس,"ça va, bien",بخير,أيّ صوت / au choix,Aksil (♂) — U1 « Première rencontre » / «أول لقاء» ; Yuba (♂) — U5 « Une visite » / «زيارة»
6,1 — Salutations et présentations / التحيات والتعارف,1. Bonjour ! / مرحبًا!,3c010000-0000-4000-8000-000000000006,tanmirt,تانميرت,merci,شكرًا,أيّ صوت / au choix,Massin (♂) — U3 « Bonne année » / «سنة سعيدة» ; Tanina (♀) — U4 « À table ! » / «العشاء جاهز» ; Dihya (♀) — U4 « Au stand » / «عند البائع» ; Yuba (♂) — U5 « Une visite » / «زيارة» ; Yuba (♂) — U6 « La chèvre perdue » / «العنزة الضائعة»
7,1 — Salutations et présentations / التحيات والتعارف,1. Bonjour ! / مرحبًا!,3c010000-0000-4000-8000-000000000007,ih,إه,oui,نعم,أيّ صوت / au choix,Massin (♂) — U1 « Tu es chaoui ? » / «هل أنت شاوي؟» ; Aksil (♂) — U2 « Où est ta mère ? » / «أين أمّك؟»
8,1 — Salutations et présentations / التحيات والتعارف,1. Bonjour ! / مرحبًا!,3c010000-0000-4000-8000-000000000008,ala,ألا,non,لا,أيّ صوت / au choix,
9,1 — Salutations et présentations / التحيات والتعارف,2. Toi et moi / أنا وأنت,3c010000-0000-4000-8000-000000000009,nec,نش,"je, moi",أنا,أيّ صوت / au choix,
10,1 — Salutations et présentations / التحيات والتعارف,2. Toi et moi / أنا وأنت,3c010000-0000-4000-8000-000000000010,cek,شك,toi (à un homme),أنتَ,أيّ صوت / au choix,
11,1 — Salutations et présentations / التحيات والتعارف,2. Toi et moi / أنا وأنت,3c010000-0000-4000-8000-000000000011,cem,شم,toi (à une femme),أنتِ,أيّ صوت / au choix,
12,1 — Salutations et présentations / التحيات والتعارف,2. Toi et moi / أنا وأنت,3c010000-0000-4000-8000-000000000012,netta,نتا,"il, lui",هو,أيّ صوت / au choix,
13,1 — Salutations et présentations / التحيات والتعارف,2. Toi et moi / أنا وأنت,3c010000-0000-4000-8000-000000000013,nettat,نتات,elle,هي,أيّ صوت / au choix,
14,1 — Salutations et présentations / التحيات والتعارف,2. Toi et moi / أنا وأنت,3c010000-0000-4000-8000-000000000014,ula d nec,أولا د نش,moi aussi,وأنا أيضًا,أيّ صوت / au choix,Tiziri (♀) — U1 « Tu es chaoui ? » / «هل أنت شاوي؟»
15,1 — Salutations et présentations / التحيات والتعارف,2. Toi et moi / أنا وأنت,3c010000-0000-4000-8000-000000000015,mamec,مامش,comment,كيف,أيّ صوت / au choix,
16,1 — Salutations et présentations / التحيات والتعارف,2. Toi et moi / أنا وأنت,3c010000-0000-4000-8000-000000000016,mamec telliḍ,مامش تليض,comment vas-tu ?,كيف حالك؟,أيّ صوت / au choix,Dihya (♀) — U1 « Première rencontre » / «أول لقاء» ; Tanina (♀) — U5 « Une visite » / «زيارة»
17,1 — Salutations et présentations / التحيات والتعارف,3. Comment t'appelles-tu ? / ما اسمك؟,3c010000-0000-4000-8000-000000000017,isem,إسم,nom,اسم,أيّ صوت / au choix,
18,1 — Salutations et présentations / التحيات والتعارف,3. Comment t'appelles-tu ? / ما اسمك؟,3c010000-0000-4000-8000-000000000018,min,مين,"quoi, quel",ماذا، ما,أيّ صوت / au choix,
19,1 — Salutations et présentations / التحيات والتعارف,3. Comment t'appelles-tu ? / ما اسمك؟,3c010000-0000-4000-8000-000000000019,min isem-nnek,مين إسمنك,comment t'appelles-tu ? (à un homme),ما اسمك؟ (لرجل),أيّ صوت / au choix,Dihya (♀) — U1 « Première rencontre » / «أول لقاء»
20,1 — Salutations et présentations / التحيات والتعارف,3. Comment t'appelles-tu ? / ما اسمك؟,3c010000-0000-4000-8000-000000000020,min isem-nnem,مين إسمنم,comment t'appelles-tu ? (à une femme),ما اسمكِ؟ (لامرأة),أيّ صوت / au choix,Aksil (♂) — U1 « Première rencontre » / «أول لقاء»
21,1 — Salutations et présentations / التحيات والتعارف,3. Comment t'appelles-tu ? / ما اسمك؟,3c010000-0000-4000-8000-000000000021,isem-inu Aksil,إسمينو أكسيل,je m'appelle Aksil,اسمي أكسيل,رجل / homme,Aksil (♂) — U1 « Première rencontre » / «أول لقاء»
22,1 — Salutations et présentations / التحيات والتعارف,3. Comment t'appelles-tu ? / ما اسمك؟,3c010000-0000-4000-8000-000000000022,isem-inu Dihya,إسمينو ديهيا,je m'appelle Dihya,اسمي ديهيا,امرأة / femme,Dihya (♀) — U1 « Première rencontre » / «أول لقاء»
23,1 — Salutations et présentations / التحيات والتعارف,3. Comment t'appelles-tu ? / ما اسمك؟,3c010000-0000-4000-8000-000000000023,ameddukel,أمدوكل,ami,صديق,أيّ صوت / au choix,
24,1 — Salutations et présentations / التحيات والتعارف,3. Comment t'appelles-tu ? / ما اسمك؟,3c010000-0000-4000-8000-000000000024,tameddukelt,تامدوكلت,amie,صديقة,أيّ صوت / au choix,
25,1 — Salutations et présentations / التحيات والتعارف,4. Fiers d'être chaouis / شاوي وأفتخر,3c010000-0000-4000-8000-000000000025,acawi,أشاوي,Chaoui (un homme chaoui),شاوي,أيّ صوت / au choix,
26,1 — Salutations et présentations / التحيات والتعارف,4. Fiers d'être chaouis / شاوي وأفتخر,3c010000-0000-4000-8000-000000000026,tacawit,تاشاويت,"le tachawit, la langue chaouie",الشاوية (اللغة),أيّ صوت / au choix,
27,1 — Salutations et présentations / التحيات والتعارف,4. Fiers d'être chaouis / شاوي وأفتخر,3c010000-0000-4000-8000-000000000027,Awras,أوراس,les Aurès,الأوراس,أيّ صوت / au choix,
28,1 — Salutations et présentations / التحيات والتعارف,4. Fiers d'être chaouis / شاوي وأفتخر,3c010000-0000-4000-8000-000000000028,nec d acawi,نش د أشاوي,je suis chaoui (dit par un homme),أنا شاوي,رجل / homme,Massin (♂) — U1 « Tu es chaoui ? » / «هل أنت شاوي؟»
29,1 — Salutations et présentations / التحيات والتعارف,4. Fiers d'être chaouis / شاوي وأفتخر,3c010000-0000-4000-8000-000000000029,nec d tacawit,نش د تاشاويت,je suis chaouie (dit par une femme),أنا شاوية,امرأة / femme,Tiziri (♀) — U1 « Tu es chaoui ? » / «هل أنت شاوي؟»
30,1 — Salutations et présentations / التحيات والتعارف,4. Fiers d'être chaouis / شاوي وأفتخر,3c010000-0000-4000-8000-000000000030,amaziɣ,أمازيغ,Amazigh (un homme amazigh),أمازيغي,أيّ صوت / au choix,
31,1 — Salutations et présentations / التحيات والتعارف,4. Fiers d'être chaouis / شاوي وأفتخر,3c010000-0000-4000-8000-000000000031,tamaziɣt,تامازيغت,"le tamazight, la langue amazighe",الأمازيغية (اللغة),أيّ صوت / au choix,
32,1 — Salutations et présentations / التحيات والتعارف,4. Fiers d'être chaouis / شاوي وأفتخر,3c010000-0000-4000-8000-000000000032,ur fhimeɣ ca,أور فهيمغ شا,je ne comprends pas,لا أفهم,أيّ صوت / au choix,
33,1 — Salutations et présentations / التحيات والتعارف,4. Fiers d'être chaouis / شاوي وأفتخر,3c010000-0000-4000-8000-000000000033,cek d acawi,شك د أشاوي,es-tu chaoui ? (à un homme),هل أنت شاوي؟,أيّ صوت / au choix,Tiziri (♀) — U1 « Tu es chaoui ? » / «هل أنت شاوي؟»
34,1 — Salutations et présentations / التحيات والتعارف,4. Fiers d'être chaouis / شاوي وأفتخر,3c010000-0000-4000-8000-000000000034,ssiwleɣ tacawit,سيولغ تاشاويت,je parle tachawit,أتكلّم الشاوية,أيّ صوت / au choix,Massin (♂) — U1 « Tu es chaoui ? » / «هل أنت شاوي؟»
35,2 — La famille et les gens / العائلة والناس,1. Mère et père / الأم والأب,3c020000-0000-4000-8000-000000000001,yemma,يما,ma mère,أمّي,أيّ صوت / au choix,
36,2 — La famille et les gens / العائلة والناس,1. Mère et père / الأم والأب,3c020000-0000-4000-8000-000000000002,baba,بابا,mon père,أبي,أيّ صوت / au choix,
37,2 — La famille et les gens / العائلة والناس,1. Mère et père / الأم والأب,3c020000-0000-4000-8000-000000000003,mmi,مي,mon fils,ابني,أيّ صوت / au choix,
38,2 — La famille et les gens / العائلة والناس,1. Mère et père / الأم والأب,3c020000-0000-4000-8000-000000000004,illi,إلي,ma fille,ابنتي,أيّ صوت / au choix,
39,2 — La famille et les gens / العائلة والناس,1. Mère et père / الأم والأب,3c020000-0000-4000-8000-000000000005,wa,وا,celui-ci,هذا,أيّ صوت / au choix,
40,2 — La famille et les gens / العائلة والناس,1. Mère et père / الأم والأب,3c020000-0000-4000-8000-000000000006,ta,تا,celle-ci,هذه,أيّ صوت / au choix,
41,2 — La famille et les gens / العائلة والناس,1. Mère et père / الأم والأب,3c020000-0000-4000-8000-000000000007,wa d baba,وا د بابا,voici mon père,هذا أبي,أيّ صوت / au choix,Yuba (♂) — U2 « Voici ma famille » / «تعرّف على عائلتي» ; Aksil (♂) — U2 « Où est ta mère ? » / «أين أمّك؟»
42,2 — La famille et les gens / العائلة والناس,1. Mère et père / الأم والأب,3c020000-0000-4000-8000-000000000008,ta d yemma,تا د يما,voici ma mère,هذه أمّي,أيّ صوت / au choix,Yuba (♂) — U2 « Voici ma famille » / «تعرّف على عائلتي»
43,2 — La famille et les gens / العائلة والناس,2. Frères et sœurs / الإخوة والأخوات,3c020000-0000-4000-8000-000000000009,uma,أوما,mon frère,أخي,أيّ صوت / au choix,
44,2 — La famille et les gens / العائلة والناس,2. Frères et sœurs / الإخوة والأخوات,3c020000-0000-4000-8000-000000000010,ultma,أولتما,ma sœur,أختي,أيّ صوت / au choix,
45,2 — La famille et les gens / العائلة والناس,2. Frères et sœurs / الإخوة والأخوات,3c020000-0000-4000-8000-000000000011,wa d uma,وا د أوما,voici mon frère,هذا أخي,أيّ صوت / au choix,Yuba (♂) — U2 « Voici ma famille » / «تعرّف على عائلتي»
46,2 — La famille et les gens / العائلة والناس,2. Frères et sœurs / الإخوة والأخوات,3c020000-0000-4000-8000-000000000012,ta d ultma,تا د أولتما,voici ma sœur,هذه أختي,أيّ صوت / au choix,Yuba (♂) — U2 « Voici ma famille » / «تعرّف على عائلتي»
47,2 — La famille et les gens / العائلة والناس,2. Frères et sœurs / الإخوة والأخوات,3c020000-0000-4000-8000-000000000013,wa d mmi,وا د مي,voici mon fils,هذا ابني,أيّ صوت / au choix,
48,2 — La famille et les gens / العائلة والناس,2. Frères et sœurs / الإخوة والأخوات,3c020000-0000-4000-8000-000000000014,ta d illi,تا د إلي,voici ma fille,هذه ابنتي,أيّ صوت / au choix,
49,2 — La famille et les gens / العائلة والناس,2. Frères et sœurs / الإخوة والأخوات,3c020000-0000-4000-8000-000000000015,ameqqran,أمقران,grand ; l'aîné,كبير؛ الأكبر,أيّ صوت / au choix,
50,2 — La famille et les gens / العائلة والناس,2. Frères et sœurs / الإخوة والأخوات,3c020000-0000-4000-8000-000000000016,amecṭuḥ,أمشطوح,petit ; le cadet,صغير؛ الأصغر,أيّ صوت / au choix,
51,2 — La famille et les gens / العائلة والناس,3. Hommes et femmes / الرجال والنساء,3c020000-0000-4000-8000-000000000017,argaz,أرڨاز,homme ; mari,رجل؛ زوج,أيّ صوت / au choix,
52,2 — La famille et les gens / العائلة والناس,3. Hommes et femmes / الرجال والنساء,3c020000-0000-4000-8000-000000000018,tamɣart,تامغارت,femme ; épouse,امرأة؛ زوجة,أيّ صوت / au choix,
53,2 — La famille et les gens / العائلة والناس,3. Hommes et femmes / الرجال والنساء,3c020000-0000-4000-8000-000000000019,irgazen,إرڨازن,hommes,رجال,أيّ صوت / au choix,
54,2 — La famille et les gens / العائلة والناس,3. Hommes et femmes / الرجال والنساء,3c020000-0000-4000-8000-000000000020,amɣar,أمغار,vieil homme ; ancien,شيخ؛ رجل مُسنّ,أيّ صوت / au choix,
55,2 — La famille et les gens / العائلة والناس,3. Hommes et femmes / الرجال والنساء,3c020000-0000-4000-8000-000000000021,medden,مدن,les gens,الناس,أيّ صوت / au choix,
56,2 — La famille et les gens / العائلة والناس,3. Hommes et femmes / الرجال والنساء,3c020000-0000-4000-8000-000000000022,netta d argaz-inu,نتا د أرڨازينو,c'est mon mari,هو زوجي,امرأة / femme,
57,2 — La famille et les gens / العائلة والناس,3. Hommes et femmes / الرجال والنساء,3c020000-0000-4000-8000-000000000023,nettat d tamɣart-inu,نتات د تامغارتينو,c'est ma femme,هي زوجتي,رجل / homme,
58,2 — La famille et les gens / العائلة والناس,3. Hommes et femmes / الرجال والنساء,3c020000-0000-4000-8000-000000000024,tawacult,تاواشولت,famille,عائلة,أيّ صوت / au choix,
59,2 — La famille et les gens / العائلة والناس,4. Ta famille / عائلتك,3c020000-0000-4000-8000-000000000025,yemma-k,يماك,ta mère (à un homme),أمّك (لرجل),أيّ صوت / au choix,
60,2 — La famille et les gens / العائلة والناس,4. Ta famille / عائلتك,3c020000-0000-4000-8000-000000000026,yemma-m,يمام,ta mère (à une femme),أمّكِ (لامرأة),أيّ صوت / au choix,
61,2 — La famille et les gens / العائلة والناس,4. Ta famille / عائلتك,3c020000-0000-4000-8000-000000000027,baba-k,باباك,ton père (à un homme),أبوك (لرجل),أيّ صوت / au choix,
62,2 — La famille et les gens / العائلة والناس,4. Ta famille / عائلتك,3c020000-0000-4000-8000-000000000028,yemma-s,يماس,sa mère,أمّه، أمّها,أيّ صوت / au choix,
63,2 — La famille et les gens / العائلة والناس,4. Ta famille / عائلتك,3c020000-0000-4000-8000-000000000029,baba-s,باباس,son père,أبوه، أبوها,أيّ صوت / au choix,
64,2 — La famille et les gens / العائلة والناس,4. Ta famille / عائلتك,3c020000-0000-4000-8000-000000000030,tawacult-inu,تاواشولتينو,ma famille,عائلتي,أيّ صوت / au choix,
65,2 — La famille et les gens / العائلة والناس,4. Ta famille / عائلتك,3c020000-0000-4000-8000-000000000031,anebgi,أنبڨي,invité,ضيف,أيّ صوت / au choix,
66,2 — La famille et les gens / العائلة والناس,4. Ta famille / عائلتك,3c020000-0000-4000-8000-000000000032,mani,ماني,où,أين,أيّ صوت / au choix,
67,2 — La famille et les gens / العائلة والناس,4. Ta famille / عائلتك,3c020000-0000-4000-8000-000000000033,mani tella yemma-k,ماني تلا يماك,où est ta mère ? (à un homme),أين أمّك؟,أيّ صوت / au choix,Dihya (♀) — U2 « Où est ta mère ? » / «أين أمّك؟»
68,2 — La famille et les gens / العائلة والناس,4. Ta famille / عائلتك,3c020000-0000-4000-8000-000000000034,yemma tella deg taddart,يما تلا دڨ تادارت,ma mère est à la maison,أمّي في البيت,أيّ صوت / au choix,Aksil (♂) — U2 « Où est ta mère ? » / «أين أمّك؟»
69,2 — La famille et les gens / العائلة والناس,4. Ta famille / عائلتك,3c020000-0000-4000-8000-000000000035,netta d baba-k,نتا د باباك,c'est ton père ? (à un homme),هل هو أبوك؟,أيّ صوت / au choix,Dihya (♀) — U2 « Où est ta mère ? » / «أين أمّك؟»
70,"3 — Nombres, jours et temps / الأعداد والأيام والوقت",1. De un à cinq / من واحد إلى خمسة,3c030000-0000-4000-8000-000000000001,ijjen,إجن,un,واحد,أيّ صوت / au choix,
71,"3 — Nombres, jours et temps / الأعداد والأيام والوقت",1. De un à cinq / من واحد إلى خمسة,3c030000-0000-4000-8000-000000000002,ijjet,إجت,une,واحدة,أيّ صوت / au choix,
72,"3 — Nombres, jours et temps / الأعداد والأيام والوقت",1. De un à cinq / من واحد إلى خمسة,3c030000-0000-4000-8000-000000000003,sin,سين,deux,اثنان,أيّ صوت / au choix,
73,"3 — Nombres, jours et temps / الأعداد والأيام والوقت",1. De un à cinq / من واحد إلى خمسة,3c030000-0000-4000-8000-000000000004,snat,سنات,deux (féminin),اثنتان,أيّ صوت / au choix,
74,"3 — Nombres, jours et temps / الأعداد والأيام والوقت",1. De un à cinq / من واحد إلى خمسة,3c030000-0000-4000-8000-000000000005,kraḍ,كراض,trois,ثلاثة,أيّ صوت / au choix,
75,"3 — Nombres, jours et temps / الأعداد والأيام والوقت",1. De un à cinq / من واحد إلى خمسة,3c030000-0000-4000-8000-000000000006,kkuẓ,كوز,quatre,أربعة,أيّ صوت / au choix,
76,"3 — Nombres, jours et temps / الأعداد والأيام والوقت",1. De un à cinq / من واحد إلى خمسة,3c030000-0000-4000-8000-000000000007,semmus,سموس,cinq,خمسة,أيّ صوت / au choix,
77,"3 — Nombres, jours et temps / الأعداد والأيام والوقت",2. De six à dix / من ستة إلى عشرة,3c030000-0000-4000-8000-000000000008,sḍis,سضيس,six,ستة,أيّ صوت / au choix,
78,"3 — Nombres, jours et temps / الأعداد والأيام والوقت",2. De six à dix / من ستة إلى عشرة,3c030000-0000-4000-8000-000000000009,sa,سا,sept,سبعة,أيّ صوت / au choix,
79,"3 — Nombres, jours et temps / الأعداد والأيام والوقت",2. De six à dix / من ستة إلى عشرة,3c030000-0000-4000-8000-000000000010,tam,تام,huit,ثمانية,أيّ صوت / au choix,
80,"3 — Nombres, jours et temps / الأعداد والأيام والوقت",2. De six à dix / من ستة إلى عشرة,3c030000-0000-4000-8000-000000000011,tẓa,تزا,neuf,تسعة,أيّ صوت / au choix,
81,"3 — Nombres, jours et temps / الأعداد والأيام والوقت",2. De six à dix / من ستة إلى عشرة,3c030000-0000-4000-8000-000000000012,mraw,مراو,dix,عشرة,أيّ صوت / au choix,
82,"3 — Nombres, jours et temps / الأعداد والأيام والوقت",2. De six à dix / من ستة إلى عشرة,3c030000-0000-4000-8000-000000000013,acḥal,أشحال,combien,كم,أيّ صوت / au choix,
83,"3 — Nombres, jours et temps / الأعداد والأيام والوقت",2. De six à dix / من ستة إلى عشرة,3c030000-0000-4000-8000-000000000014,amezwaru,أمزوارو,premier,الأوّل,أيّ صوت / au choix,
84,"3 — Nombres, jours et temps / الأعداد والأيام والوقت",2. De six à dix / من ستة إلى عشرة,3c030000-0000-4000-8000-000000000015,aneggaru,أنڨارو,dernier,الأخير,أيّ صوت / au choix,
85,"3 — Nombres, jours et temps / الأعداد والأيام والوقت",3. Le jour et la nuit / النهار والليل,3c030000-0000-4000-8000-000000000016,ass,أس,jour,يوم,أيّ صوت / au choix,
86,"3 — Nombres, jours et temps / الأعداد والأيام والوقت",3. Le jour et la nuit / النهار والليل,3c030000-0000-4000-8000-000000000017,ussan,أوسان,jours,أيام,أيّ صوت / au choix,
87,"3 — Nombres, jours et temps / الأعداد والأيام والوقت",3. Le jour et la nuit / النهار والليل,3c030000-0000-4000-8000-000000000018,iḍ,إض,nuit,ليل، ليلة,أيّ صوت / au choix,
88,"3 — Nombres, jours et temps / الأعداد والأيام والوقت",3. Le jour et la nuit / النهار والليل,3c030000-0000-4000-8000-000000000019,assa,أسا,aujourd'hui,اليوم,أيّ صوت / au choix,
89,"3 — Nombres, jours et temps / الأعداد والأيام والوقت",3. Le jour et la nuit / النهار والليل,3c030000-0000-4000-8000-000000000020,azekka,أزكا,demain,غدًا,أيّ صوت / au choix,
90,"3 — Nombres, jours et temps / الأعداد والأيام والوقت",3. Le jour et la nuit / النهار والليل,3c030000-0000-4000-8000-000000000021,iḍelli,إضلي,hier,أمس,أيّ صوت / au choix,
91,"3 — Nombres, jours et temps / الأعداد والأيام والوقت",3. Le jour et la nuit / النهار والليل,3c030000-0000-4000-8000-000000000022,tameddit,تامديت,soir,مساء,أيّ صوت / au choix,
92,"3 — Nombres, jours et temps / الأعداد والأيام والوقت",3. Le jour et la nuit / النهار والليل,3c030000-0000-4000-8000-000000000023,tura,تورا,maintenant,الآن,أيّ صوت / au choix,
93,"3 — Nombres, jours et temps / الأعداد والأيام والوقت",3. Le jour et la nuit / النهار والليل,3c030000-0000-4000-8000-000000000024,yal ass,يال أس,chaque jour,كل يوم,أيّ صوت / au choix,
94,"3 — Nombres, jours et temps / الأعداد والأيام والوقت",4. Une nouvelle année / سنة جديدة,3c030000-0000-4000-8000-000000000025,aseggas,أسڨاس,année,سنة، عام,أيّ صوت / au choix,
95,"3 — Nombres, jours et temps / الأعداد والأيام والوقت",4. Une nouvelle année / سنة جديدة,3c030000-0000-4000-8000-000000000026,yennayer,يناير,"Yennayer, le nouvel an amazigh",ينّاير، رأس السنة الأمازيغية,أيّ صوت / au choix,
96,"3 — Nombres, jours et temps / الأعداد والأيام والوقت",4. Une nouvelle année / سنة جديدة,3c030000-0000-4000-8000-000000000027,aseggas ameggaz,أسڨاس أمڨاز,bonne année,سنة سعيدة,أيّ صوت / au choix,Massin (♂) — U3 « Bonne année » / «سنة سعيدة»
97,"3 — Nombres, jours et temps / الأعداد والأيام والوقت",4. Une nouvelle année / سنة جديدة,3c030000-0000-4000-8000-000000000028,assa d yennayer,أسا د يناير,"aujourd'hui, c'est Yennayer",اليوم ينّاير,أيّ صوت / au choix,Tanina (♀) — U3 « Bonne année » / «سنة سعيدة»
98,"3 — Nombres, jours et temps / الأعداد والأيام والوقت",4. Une nouvelle année / سنة جديدة,3c030000-0000-4000-8000-000000000029,ula d cek,أولا د شك,toi aussi (à un homme),وأنت أيضًا,أيّ صوت / au choix,Tanina (♀) — U3 « Bonne année » / «سنة سعيدة»
99,"3 — Nombres, jours et temps / الأعداد والأيام والوقت",4. Une nouvelle année / سنة جديدة,3c030000-0000-4000-8000-000000000030,sin n wussan,سين ن وسان,deux jours,يومان,أيّ صوت / au choix,
100,"3 — Nombres, jours et temps / الأعداد والأيام والوقت",4. Une nouvelle année / سنة جديدة,3c030000-0000-4000-8000-000000000031,kraḍ n wussan,كراض ن وسان,trois jours,ثلاثة أيام,أيّ صوت / au choix,Dihya (♀) — U3 « À demain » / «إلى الغد»
101,"3 — Nombres, jours et temps / الأعداد والأيام والوقت",4. Une nouvelle année / سنة جديدة,3c030000-0000-4000-8000-000000000032,ar azekka,أر أزكا,à demain,إلى الغد,أيّ صوت / au choix,Dihya (♀) — U3 « À demain » / «إلى الغد»
102,"3 — Nombres, jours et temps / الأعداد والأيام والوقت",4. Une nouvelle année / سنة جديدة,3c030000-0000-4000-8000-000000000033,acḥal n wussan,أشحال ن وسان,combien de jours ?,كم يومًا؟,أيّ صوت / au choix,Aksil (♂) — U3 « À demain » / «إلى الغد»
103,"3 — Nombres, jours et temps / الأعداد والأيام والوقت",4. Une nouvelle année / سنة جديدة,3c030000-0000-4000-8000-000000000034,azekka d ass n ssuq,أزكا د أس ن سوق,"demain, c'est jour de marché",غدًا يوم السوق,أيّ صوت / au choix,Aksil (♂) — U3 « À demain » / «إلى الغد»
104,"4 — Nourriture, boissons et marché / الطعام والشراب والسوق",1. Le pain et l'eau / الخبز والماء,3c040000-0000-4000-8000-000000000001,aman,أمان,eau,ماء,أيّ صوت / au choix,
105,"4 — Nourriture, boissons et marché / الطعام والشراب والسوق",1. Le pain et l'eau / الخبز والماء,3c040000-0000-4000-8000-000000000002,aɣrum,أغروم,pain,خبز,أيّ صوت / au choix,
106,"4 — Nourriture, boissons et marché / الطعام والشراب والسوق",1. Le pain et l'eau / الخبز والماء,3c040000-0000-4000-8000-000000000003,tisent,تيسنت,sel,ملح,أيّ صوت / au choix,
107,"4 — Nourriture, boissons et marché / الطعام والشراب والسوق",1. Le pain et l'eau / الخبز والماء,3c040000-0000-4000-8000-000000000004,zzit,زيت,huile,زيت,أيّ صوت / au choix,
108,"4 — Nourriture, boissons et marché / الطعام والشراب والسوق",1. Le pain et l'eau / الخبز والماء,3c040000-0000-4000-8000-000000000005,sew,سو,bois !,اشرب,أيّ صوت / au choix,
109,"4 — Nourriture, boissons et marché / الطعام والشراب والسوق",1. Le pain et l'eau / الخبز والماء,3c040000-0000-4000-8000-000000000006,ecc,أش,mange !,كُلْ,أيّ صوت / au choix,
110,"4 — Nourriture, boissons et marché / الطعام والشراب والسوق",1. Le pain et l'eau / الخبز والماء,3c040000-0000-4000-8000-000000000007,sew aman,سو أمان,bois de l'eau,اشرب الماء,أيّ صوت / au choix,
111,"4 — Nourriture, boissons et marché / الطعام والشراب والسوق",1. Le pain et l'eau / الخبز والماء,3c040000-0000-4000-8000-000000000008,ecc aɣrum,أش أغروم,mange du pain,كُلِ الخبز,أيّ صوت / au choix,Massin (♂) — U4 « À table ! » / «العشاء جاهز»
112,"4 — Nourriture, boissons et marché / الطعام والشراب والسوق",2. De la ferme / من المزرعة,3c040000-0000-4000-8000-000000000009,aksum,أكسوم,viande,لحم,أيّ صوت / au choix,
113,"4 — Nourriture, boissons et marché / الطعام والشراب والسوق",2. De la ferme / من المزرعة,3c040000-0000-4000-8000-000000000010,tamellalt,تاملالت,œuf,بيضة,أيّ صوت / au choix,
114,"4 — Nourriture, boissons et marché / الطعام والشراب والسوق",2. De la ferme / من المزرعة,3c040000-0000-4000-8000-000000000011,aɣi,أغي,lait ; petit-lait,حليب؛ لبن,أيّ صوت / au choix,
115,"4 — Nourriture, boissons et marché / الطعام والشراب والسوق",2. De la ferme / من المزرعة,3c040000-0000-4000-8000-000000000012,udi,أودي,beurre (smen),سمن,أيّ صوت / au choix,
116,"4 — Nourriture, boissons et marché / الطعام والشراب والسوق",2. De la ferme / من المزرعة,3c040000-0000-4000-8000-000000000013,tament,تامنت,miel,عسل,أيّ صوت / au choix,
117,"4 — Nourriture, boissons et marché / الطعام والشراب والسوق",2. De la ferme / من المزرعة,3c040000-0000-4000-8000-000000000014,irden,إردن,blé,قمح,أيّ صوت / au choix,
118,"4 — Nourriture, boissons et marché / الطعام والشراب والسوق",2. De la ferme / من المزرعة,3c040000-0000-4000-8000-000000000015,timẓin,تيمزين,orge,شعير,أيّ صوت / au choix,
119,"4 — Nourriture, boissons et marché / الطعام والشراب والسوق",2. De la ferme / من المزرعة,3c040000-0000-4000-8000-000000000016,aren,أرن,farine,دقيق,أيّ صوت / au choix,
120,"4 — Nourriture, boissons et marché / الطعام والشراب والسوق",3. À table / على المائدة,3c040000-0000-4000-8000-000000000017,seksu,سكسو,couscous,كسكس,أيّ صوت / au choix,
121,"4 — Nourriture, boissons et marché / الطعام والشراب والسوق",3. À table / على المائدة,3c040000-0000-4000-8000-000000000018,azalim,أزاليم,oignon,بصل,أيّ صوت / au choix,
122,"4 — Nourriture, boissons et marché / الطعام والشراب والسوق",3. À table / على المائدة,3c040000-0000-4000-8000-000000000019,tiskert,تيسكرت,ail,ثوم,أيّ صوت / au choix,
123,"4 — Nourriture, boissons et marché / الطعام والشراب والسوق",3. À table / على المائدة,3c040000-0000-4000-8000-000000000020,imensi,إمنسي,dîner,عشاء,أيّ صوت / au choix,
124,"4 — Nourriture, boissons et marché / الطعام والشراب والسوق",3. À table / على المائدة,3c040000-0000-4000-8000-000000000021,efk-iyi,أفكيي,donne-moi,أعطني,أيّ صوت / au choix,
125,"4 — Nourriture, boissons et marché / الطعام والشراب والسوق",3. À table / على المائدة,3c040000-0000-4000-8000-000000000022,efk-iyi aman,أفكيي أمان,donne-moi de l'eau,أعطني ماءً,أيّ صوت / au choix,Tanina (♀) — U4 « À table ! » / «العشاء جاهز»
126,"4 — Nourriture, boissons et marché / الطعام والشراب والسوق",3. À table / على المائدة,3c040000-0000-4000-8000-000000000023,efk-iyi aɣrum,أفكيي أغروم,donne-moi du pain,أعطني خبزًا,أيّ صوت / au choix,
127,"4 — Nourriture, boissons et marché / الطعام والشراب والسوق",3. À table / على المائدة,3c040000-0000-4000-8000-000000000024,yelha,يلها,c'est bon,إنه طيّب,أيّ صوت / au choix,Tanina (♀) — U4 « À table ! » / «العشاء جاهز»
128,"4 — Nourriture, boissons et marché / الطعام والشراب والسوق",3. À table / على المائدة,3c040000-0000-4000-8000-000000000025,aman n tala,أمان ن تالا,eau de source,ماء العين,أيّ صوت / au choix,Massin (♂) — U4 « À table ! » / «العشاء جاهز»
129,"4 — Nourriture, boissons et marché / الطعام والشراب والسوق",4. Au marché / في السوق,3c040000-0000-4000-8000-000000000026,ssuq,سوق,marché,سوق,أيّ صوت / au choix,
130,"4 — Nourriture, boissons et marché / الطعام والشراب والسوق",4. Au marché / في السوق,3c040000-0000-4000-8000-000000000027,tiyni,تييني,dattes,تمر,أيّ صوت / au choix,
131,"4 — Nourriture, boissons et marché / الطعام والشراب والسوق",4. Au marché / في السوق,3c040000-0000-4000-8000-000000000028,azemmur,أزمور,olives,زيتون,أيّ صوت / au choix,
132,"4 — Nourriture, boissons et marché / الطعام والشراب والسوق",4. Au marché / في السوق,3c040000-0000-4000-8000-000000000029,xseɣ,خسغ,je veux,أريد,أيّ صوت / au choix,
133,"4 — Nourriture, boissons et marché / الطعام والشراب والسوق",4. Au marché / في السوق,3c040000-0000-4000-8000-000000000030,xseɣ aman,خسغ أمان,je veux de l'eau,أريد ماءً,أيّ صوت / au choix,
134,"4 — Nourriture, boissons et marché / الطعام والشراب والسوق",4. Au marché / في السوق,3c040000-0000-4000-8000-000000000031,ur xseɣ ca,أور خسغ شا,je n'en veux pas,لا أريد,أيّ صوت / au choix,
135,"4 — Nourriture, boissons et marché / الطعام والشراب والسوق",4. Au marché / في السوق,3c040000-0000-4000-8000-000000000032,tiyni n Biskra,تييني ن بسكرة,dattes de Biskra,تمر بسكرة,أيّ صوت / au choix,Yuba (♂) — U4 « Au stand » / «عند البائع»
136,"4 — Nourriture, boissons et marché / الطعام والشراب والسوق",4. Au marché / في السوق,3c040000-0000-4000-8000-000000000033,xseɣ tiyni,خسغ تييني,je veux des dattes,أريد تمرًا,أيّ صوت / au choix,Dihya (♀) — U4 « Au stand » / «عند البائع»
137,"4 — Nourriture, boissons et marché / الطعام والشراب والسوق",4. Au marché / في السوق,3c040000-0000-4000-8000-000000000034,xseɣ tament,خسغ تامنت,je veux du miel,أريد عسلًا,أيّ صوت / au choix,Dihya (♀) — U4 « Au stand » / «عند البائع»
138,"4 — Nourriture, boissons et marché / الطعام والشراب والسوق",4. Au marché / في السوق,3c040000-0000-4000-8000-000000000035,tament n udrar,تامنت ن أودرار,miel de montagne,عسل الجبل,أيّ صوت / au choix,Yuba (♂) — U4 « Au stand » / «عند البائع»
139,"5 — Maison, village et quotidien / البيت والقرية والحياة اليومية",1. À la maison / في البيت,3c050000-0000-4000-8000-000000000001,taddart,تادارت,maison,بيت، منزل,أيّ صوت / au choix,
140,"5 — Maison, village et quotidien / البيت والقرية والحياة اليومية",1. À la maison / في البيت,3c050000-0000-4000-8000-000000000002,tabburt,تابورت,porte,باب,أيّ صوت / au choix,
141,"5 — Maison, village et quotidien / البيت والقرية والحياة اليومية",1. À la maison / في البيت,3c050000-0000-4000-8000-000000000003,tasarut,تاساروت,clé,مفتاح,أيّ صوت / au choix,
142,"5 — Maison, village et quotidien / البيت والقرية والحياة اليومية",1. À la maison / في البيت,3c050000-0000-4000-8000-000000000004,ldi,لدي,ouvre !,افتح,أيّ صوت / au choix,
143,"5 — Maison, village et quotidien / البيت والقرية والحياة اليومية",1. À la maison / في البيت,3c050000-0000-4000-8000-000000000005,ldi tabburt,لدي تابورت,ouvre la porte,افتح الباب,أيّ صوت / au choix,
144,"5 — Maison, village et quotidien / البيت والقرية والحياة اليومية",1. À la maison / في البيت,3c050000-0000-4000-8000-000000000006,tasarut n taddart,تاساروت ن تادارت,la clé de la maison,مفتاح البيت,أيّ صوت / au choix,
145,"5 — Maison, village et quotidien / البيت والقرية والحياة اليومية",1. À la maison / في البيت,3c050000-0000-4000-8000-000000000007,timessi,تيمسي,feu,نار,أيّ صوت / au choix,
146,"5 — Maison, village et quotidien / البيت والقرية والحياة اليومية",1. À la maison / في البيت,3c050000-0000-4000-8000-000000000008,tafat,تافات,lumière,ضوء، نور,أيّ صوت / au choix,
147,"5 — Maison, village et quotidien / البيت والقرية والحياة اليومية","2. Entre, assieds-toi / ادخل واجلس",3c050000-0000-4000-8000-000000000009,ekcem,أكشم,entre !,ادخل,أيّ صوت / au choix,Tanina (♀) — U5 « Une visite » / «زيارة»
148,"5 — Maison, village et quotidien / البيت والقرية والحياة اليومية","2. Entre, assieds-toi / ادخل واجلس",3c050000-0000-4000-8000-000000000010,qqim,قيم,assieds-toi !,اجلس,أيّ صوت / au choix,Tanina (♀) — U5 « Une visite » / «زيارة»
149,"5 — Maison, village et quotidien / البيت والقرية والحياة اليومية","2. Entre, assieds-toi / ادخل واجلس",3c050000-0000-4000-8000-000000000011,ekcem ɣer taddart,أكشم غر تادارت,entre dans la maison,ادخل إلى البيت,أيّ صوت / au choix,
150,"5 — Maison, village et quotidien / البيت والقرية والحياة اليومية","2. Entre, assieds-toi / ادخل واجلس",3c050000-0000-4000-8000-000000000012,lliɣ deg taddart,ليغ دڨ تادارت,je suis à la maison,أنا في البيت,أيّ صوت / au choix,
151,"5 — Maison, village et quotidien / البيت والقرية والحياة اليومية","2. Entre, assieds-toi / ادخل واجلس",3c050000-0000-4000-8000-000000000013,agertil,أڨرتيل,natte,حصير,أيّ صوت / au choix,
152,"5 — Maison, village et quotidien / البيت والقرية والحياة اليومية","2. Entre, assieds-toi / ادخل واجلس",3c050000-0000-4000-8000-000000000014,taɣenjawt,تاغنجاوت,cuillère,ملعقة,أيّ صوت / au choix,
153,"5 — Maison, village et quotidien / البيت والقرية والحياة اليومية","2. Entre, assieds-toi / ادخل واجلس",3c050000-0000-4000-8000-000000000015,asɣar,أسغار,bois,حطب,أيّ صوت / au choix,
154,"5 — Maison, village et quotidien / البيت والقرية والحياة اليومية","2. Entre, assieds-toi / ادخل واجلس",3c050000-0000-4000-8000-000000000016,abernus,أبرنوس,burnous,برنس,أيّ صوت / au choix,
155,"5 — Maison, village et quotidien / البيت والقرية والحياة اليومية",3. Le village / القرية,3c050000-0000-4000-8000-000000000017,ddecra,دشرا,village (dechra),قرية (دشرة),أيّ صوت / au choix,
156,"5 — Maison, village et quotidien / البيت والقرية والحياة اليومية",3. Le village / القرية,3c050000-0000-4000-8000-000000000018,abrid,أبريد,"chemin, route",طريق,أيّ صوت / au choix,
157,"5 — Maison, village et quotidien / البيت والقرية والحياة اليومية",3. Le village / القرية,3c050000-0000-4000-8000-000000000019,tamdint,تامدينت,ville,مدينة,أيّ صوت / au choix,
158,"5 — Maison, village et quotidien / البيت والقرية والحياة اليومية",3. Le village / القرية,3c050000-0000-4000-8000-000000000020,tamurt,تامورت,"pays, terre",بلد، أرض,أيّ صوت / au choix,
159,"5 — Maison, village et quotidien / البيت والقرية والحياة اليومية",3. Le village / القرية,3c050000-0000-4000-8000-000000000021,tamezgida,تامزڨيدا,mosquée,مسجد,أيّ صوت / au choix,
160,"5 — Maison, village et quotidien / البيت والقرية والحياة اليومية",3. Le village / القرية,3c050000-0000-4000-8000-000000000022,iger,إڨر,champ,حقل,أيّ صوت / au choix,
161,"5 — Maison, village et quotidien / البيت والقرية والحياة اليومية",3. Le village / القرية,3c050000-0000-4000-8000-000000000023,taqliɛt,تاقليعت,grenier collectif (guelaa),مخزن جماعي (قلعة),أيّ صوت / au choix,
162,"5 — Maison, village et quotidien / البيت والقرية والحياة اليومية",3. Le village / القرية,3c050000-0000-4000-8000-000000000024,azeṭṭa,أزطا,métier à tisser ; tissage,منسج؛ نسيج,أيّ صوت / au choix,
163,"5 — Maison, village et quotidien / البيت والقرية والحياة اليومية",4. Ma journée / يومي,3c050000-0000-4000-8000-000000000025,kker,كر,lève-toi !,انهض,أيّ صوت / au choix,Dihya (♀) — U5 « Debout ! » / «حان وقت النهوض»
164,"5 — Maison, village et quotidien / البيت والقرية والحياة اليومية",4. Ma journée / يومي,3c050000-0000-4000-8000-000000000026,ṭṭes,طس,dors !,نَمْ,أيّ صوت / au choix,
165,"5 — Maison, village et quotidien / البيت والقرية والحياة اليومية",4. Ma journée / يومي,3c050000-0000-4000-8000-000000000027,ad ṭṭseɣ,أد طسغ,je vais dormir,سأنام,أيّ صوت / au choix,Massin (♂) — U5 « Debout ! » / «حان وقت النهوض»
166,"5 — Maison, village et quotidien / البيت والقرية والحياة اليومية",4. Ma journée / يومي,3c050000-0000-4000-8000-000000000028,xdem,خدم,travaille !,اعمل,أيّ صوت / au choix,
167,"5 — Maison, village et quotidien / البيت والقرية والحياة اليومية",4. Ma journée / يومي,3c050000-0000-4000-8000-000000000029,ad xedmeɣ,أد خدمغ,je vais travailler,سأعمل,أيّ صوت / au choix,
168,"5 — Maison, village et quotidien / البيت والقرية والحياة اليومية",4. Ma journée / يومي,3c050000-0000-4000-8000-000000000030,ffeɣ,فغ,sors !,اخرج,أيّ صوت / au choix,
169,"5 — Maison, village et quotidien / البيت والقرية والحياة اليومية",4. Ma journée / يومي,3c050000-0000-4000-8000-000000000031,ddu,دو,va !,اذهب,أيّ صوت / au choix,
170,"5 — Maison, village et quotidien / البيت والقرية والحياة اليومية",4. Ma journée / يومي,3c050000-0000-4000-8000-000000000032,ddu ɣer ssuq,دو غر سوق,va au marché,اذهب إلى السوق,أيّ صوت / au choix,Dihya (♀) — U5 « Debout ! » / «حان وقت النهوض»
171,"5 — Maison, village et quotidien / البيت والقرية والحياة اليومية",4. Ma journée / يومي,3c050000-0000-4000-8000-000000000033,efk-iyi tasarut,أفكيي تاساروت,donne-moi la clé,أعطني المفتاح,أيّ صوت / au choix,Massin (♂) — U5 « Debout ! » / «حان وقت النهوض»
172,"6 — Nature, animaux et Aurès / الطبيعة والحيوانات والأوراس",1. Montagnes et sources / الجبال والعيون,3c060000-0000-4000-8000-000000000001,adrar,أدرار,montagne,جبل,أيّ صوت / au choix,
173,"6 — Nature, animaux et Aurès / الطبيعة والحيوانات والأوراس",1. Montagnes et sources / الجبال والعيون,3c060000-0000-4000-8000-000000000002,tala,تالا,source,عين، نبع,أيّ صوت / au choix,
174,"6 — Nature, animaux et Aurès / الطبيعة والحيوانات والأوراس",1. Montagnes et sources / الجبال والعيون,3c060000-0000-4000-8000-000000000003,aẓru,أزرو,"pierre, rocher",حجر، صخرة,أيّ صوت / au choix,
175,"6 — Nature, animaux et Aurès / الطبيعة والحيوانات والأوراس",1. Montagnes et sources / الجبال والعيون,3c060000-0000-4000-8000-000000000004,akal,أكال,terre,تراب، أرض,أيّ صوت / au choix,
176,"6 — Nature, animaux et Aurès / الطبيعة والحيوانات والأوراس",1. Montagnes et sources / الجبال والعيون,3c060000-0000-4000-8000-000000000005,idgel,إدڨل,cèdre,أرز,أيّ صوت / au choix,
177,"6 — Nature, animaux et Aurès / الطبيعة والحيوانات والأوراس",1. Montagnes et sources / الجبال والعيون,3c060000-0000-4000-8000-000000000006,tazdayt,تازدايت,palmier,نخلة,أيّ صوت / au choix,
178,"6 — Nature, animaux et Aurès / الطبيعة والحيوانات والأوراس",1. Montagnes et sources / الجبال والعيون,3c060000-0000-4000-8000-000000000007,tafukt,تافوكت,soleil,شمس,أيّ صوت / au choix,
179,"6 — Nature, animaux et Aurès / الطبيعة والحيوانات والأوراس",2. Le ciel et le temps / السماء والطقس,3c060000-0000-4000-8000-000000000008,ayyur,أيور,lune ; mois,قمر؛ شهر,أيّ صوت / au choix,
180,"6 — Nature, animaux et Aurès / الطبيعة والحيوانات والأوراس",2. Le ciel et le temps / السماء والطقس,3c060000-0000-4000-8000-000000000009,itran,إتران,étoiles,نجوم,أيّ صوت / au choix,
181,"6 — Nature, animaux et Aurès / الطبيعة والحيوانات والأوراس",2. Le ciel et le temps / السماء والطقس,3c060000-0000-4000-8000-000000000010,anẓar,أنزار,pluie,مطر,أيّ صوت / au choix,
182,"6 — Nature, animaux et Aurès / الطبيعة والحيوانات والأوراس",2. Le ciel et le temps / السماء والطقس,3c060000-0000-4000-8000-000000000011,adfel,أدفل,neige,ثلج,أيّ صوت / au choix,
183,"6 — Nature, animaux et Aurès / الطبيعة والحيوانات والأوراس",2. Le ciel et le temps / السماء والطقس,3c060000-0000-4000-8000-000000000012,aḍu,أضو,vent,ريح,أيّ صوت / au choix,
184,"6 — Nature, animaux et Aurès / الطبيعة والحيوانات والأوراس",2. Le ciel et le temps / السماء والطقس,3c060000-0000-4000-8000-000000000013,asemmiḍ,أسميض,froid,برد,أيّ صوت / au choix,
185,"6 — Nature, animaux et Aurès / الطبيعة والحيوانات والأوراس",2. Le ciel et le temps / السماء والطقس,3c060000-0000-4000-8000-000000000014,adrar n Celya,أدرار ن شيليا,le mont Chélia,جبل شيليا,أيّ صوت / au choix,Aksil (♂) — U6 « L'hiver dans les Aurès » / «الشتاء في الأوراس»
186,"6 — Nature, animaux et Aurès / الطبيعة والحيوانات والأوراس",2. Le ciel et le temps / السماء والطقس,3c060000-0000-4000-8000-000000000015,adfel ɣef udrar,أدفل غف أودرار,de la neige sur la montagne,ثلج على الجبل,أيّ صوت / au choix,Tiziri (♀) — U6 « L'hiver dans les Aurès » / «الشتاء في الأوراس»
187,"6 — Nature, animaux et Aurès / الطبيعة والحيوانات والأوراس",2. Le ciel et le temps / السماء والطقس,3c060000-0000-4000-8000-000000000016,yella usemmiḍ,يلا أوسميض,il fait froid,الجوّ بارد,أيّ صوت / au choix,Aksil (♂) — U6 « L'hiver dans les Aurès » / «الشتاء في الأوراس»
188,"6 — Nature, animaux et Aurès / الطبيعة والحيوانات والأوراس",2. Le ciel et le temps / السماء والطقس,3c060000-0000-4000-8000-000000000017,yekkat unẓar,يكات أونزار,il pleut,إنها تمطر,أيّ صوت / au choix,Tiziri (♀) — U6 « L'hiver dans les Aurès » / «الشتاء في الأوراس»
189,"6 — Nature, animaux et Aurès / الطبيعة والحيوانات والأوراس",3. Saisons et couleurs / الفصول والألوان,3c060000-0000-4000-8000-000000000018,tafsut,تافسوت,printemps,ربيع,أيّ صوت / au choix,
190,"6 — Nature, animaux et Aurès / الطبيعة والحيوانات والأوراس",3. Saisons et couleurs / الفصول والألوان,3c060000-0000-4000-8000-000000000019,anebdu,أنبدو,été,صيف,أيّ صوت / au choix,
191,"6 — Nature, animaux et Aurès / الطبيعة والحيوانات والأوراس",3. Saisons et couleurs / الفصول والألوان,3c060000-0000-4000-8000-000000000020,tagrest,تاڨرست,hiver,شتاء,أيّ صوت / au choix,
192,"6 — Nature, animaux et Aurès / الطبيعة والحيوانات والأوراس",3. Saisons et couleurs / الفصول والألوان,3c060000-0000-4000-8000-000000000021,amellal,أملال,blanc,أبيض,أيّ صوت / au choix,
193,"6 — Nature, animaux et Aurès / الطبيعة والحيوانات والأوراس",3. Saisons et couleurs / الفصول والألوان,3c060000-0000-4000-8000-000000000022,azeggaɣ,أزڨاغ,rouge,أحمر,أيّ صوت / au choix,
194,"6 — Nature, animaux et Aurès / الطبيعة والحيوانات والأوراس",3. Saisons et couleurs / الفصول والألوان,3c060000-0000-4000-8000-000000000023,ayis,أيس,cheval,حصان,أيّ صوت / au choix,
195,"6 — Nature, animaux et Aurès / الطبيعة والحيوانات والأوراس",3. Saisons et couleurs / الفصول والألوان,3c060000-0000-4000-8000-000000000024,ayis amellal,أيس أملال,un cheval blanc,حصان أبيض,أيّ صوت / au choix,
196,"6 — Nature, animaux et Aurès / الطبيعة والحيوانات والأوراس",3. Saisons et couleurs / الفصول والألوان,3c060000-0000-4000-8000-000000000025,aydi,أيدي,chien,كلب,أيّ صوت / au choix,
197,"6 — Nature, animaux et Aurès / الطبيعة والحيوانات والأوراس",3. Saisons et couleurs / الفصول والألوان,3c060000-0000-4000-8000-000000000026,aɣyul,أغيول,âne,حمار,أيّ صوت / au choix,
198,"6 — Nature, animaux et Aurès / الطبيعة والحيوانات والأوراس",4. Les animaux des Aurès / حيوانات الأوراس,3c060000-0000-4000-8000-000000000027,taɣaṭ,تاغاط,chèvre,عنزة,أيّ صوت / au choix,
199,"6 — Nature, animaux et Aurès / الطبيعة والحيوانات والأوراس",4. Les animaux des Aurès / حيوانات الأوراس,3c060000-0000-4000-8000-000000000028,ulli,أولي,"moutons, brebis",غنم,أيّ صوت / au choix,
200,"6 — Nature, animaux et Aurès / الطبيعة والحيوانات والأوراس",4. Les animaux des Aurès / حيوانات الأوراس,3c060000-0000-4000-8000-000000000029,izimer,إزيمر,agneau,حَمَل,أيّ صوت / au choix,
201,"6 — Nature, animaux et Aurès / الطبيعة والحيوانات والأوراس",4. Les animaux des Aurès / حيوانات الأوراس,3c060000-0000-4000-8000-000000000030,tafunast,تافوناست,vache,بقرة,أيّ صوت / au choix,
202,"6 — Nature, animaux et Aurès / الطبيعة والحيوانات والأوراس",4. Les animaux des Aurès / حيوانات الأوراس,3c060000-0000-4000-8000-000000000031,tayaziṭ,تايازيط,poule,دجاجة,أيّ صوت / au choix,
203,"6 — Nature, animaux et Aurès / الطبيعة والحيوانات والأوراس",4. Les animaux des Aurès / حيوانات الأوراس,3c060000-0000-4000-8000-000000000032,ayaziḍ,أيازيض,coq,ديك,أيّ صوت / au choix,
204,"6 — Nature, animaux et Aurès / الطبيعة والحيوانات والأوراس",4. Les animaux des Aurès / حيوانات الأوراس,3c060000-0000-4000-8000-000000000033,alɣem,ألغم,chameau,جمل,أيّ صوت / au choix,
205,"6 — Nature, animaux et Aurès / الطبيعة والحيوانات والأوراس",4. Les animaux des Aurès / حيوانات الأوراس,3c060000-0000-4000-8000-000000000034,uccen,أوشن,chacal,ابن آوى,أيّ صوت / au choix,
206,"6 — Nature, animaux et Aurès / الطبيعة والحيوانات والأوراس",4. Les animaux des Aurès / حيوانات الأوراس,3c060000-0000-4000-8000-000000000035,mani tella taɣaṭ,ماني تلا تاغاط,où est la chèvre ?,أين العنزة؟,أيّ صوت / au choix,Yuba (♂) — U6 « La chèvre perdue » / «العنزة الضائعة»
207,"6 — Nature, animaux et Aurès / الطبيعة والحيوانات والأوراس",4. Les animaux des Aurès / حيوانات الأوراس,3c060000-0000-4000-8000-000000000036,tella ɣef uẓru,تلا غف أوزرو,elle est sur le rocher,إنها على الصخرة,أيّ صوت / au choix,Tanina (♀) — U6 « La chèvre perdue » / «العنزة الضائعة»
