الوحدة / Unité,المعرّف / Identifiant,بالحرف اللاتيني / Latin,بالحرف العربي / Graphie arabe,تيفيناغ / Tifinagh,المعنى بالإنجليزية / Sens (anglais),المعنى بالفرنسية / Sens (français),المعنى بالعربية / Sens (arabe),نوع الكلمة / Nature du mot,المنطقة / Région,"درجة الثقة / Confiance (high, medium, low)",لماذا (بالفرنسية) / Pourquoi,لماذا / Pourquoi (arabe),صيغ أخرى معروفة / Variantes connues,أول درس / Première leçon,صحيح؟ / Correct ?,التصحيح / Correction,المراجِع / Relecteur,القرية / Village
1 — Salutations et présentations / التحيات والتعارف,3c010000-0000-4000-8000-000000000002,azul fellak,أزول فلاك,ⴰⵣⵓⵍ ⴼⴻⵍⵍⴰⴽ,hello (to a man),bonjour (à un homme),مرحبًا (لرجل),phrase / عبارة,tout l'Aurès (non précisé) / كل الأوراس (غير محدد),low,"azul + préposition fellak/fellam/fellawen « sur toi / sur vous », comme dans d'autres parlers amazighs ; forme chaouie à confirmer.",«أزول» + «فلاك/فلام/فلاون» (عليك/عليكم) كما في لهجات أمازيغية أخرى؛ يجب تأكيد الصيغة الشاوية.,,1. Bonjour ! / مرحبًا!,,,,
1 — Salutations et présentations / التحيات والتعارف,3c010000-0000-4000-8000-000000000003,azul fellam,أزول فلام,ⴰⵣⵓⵍ ⴼⴻⵍⵍⴰⵎ,hello (to a woman),bonjour (à une femme),مرحبًا (لامرأة),phrase / عبارة,tout l'Aurès (non précisé) / كل الأوراس (غير محدد),low,"azul + préposition fellak/fellam/fellawen « sur toi / sur vous », comme dans d'autres parlers amazighs ; forme chaouie à confirmer.",«أزول» + «فلاك/فلام/فلاون» (عليك/عليكم) كما في لهجات أمازيغية أخرى؛ يجب تأكيد الصيغة الشاوية.,,1. Bonjour ! / مرحبًا!,,,,
1 — Salutations et présentations / التحيات والتعارف,3c010000-0000-4000-8000-000000000004,azul fellawen,أزول فلاون,ⴰⵣⵓⵍ ⴼⴻⵍⵍⴰⵡⴻⵏ,"hello, everyone",bonjour à tous,مرحبًا بكم جميعًا,phrase / عبارة,tout l'Aurès (non précisé) / كل الأوراس (غير محدد),low,"azul + préposition fellak/fellam/fellawen « sur toi / sur vous », comme dans d'autres parlers amazighs ; forme chaouie à confirmer.",«أزول» + «فلاك/فلام/فلاون» (عليك/عليكم) كما في لهجات أمازيغية أخرى؛ يجب تأكيد الصيغة الشاوية.,,1. Bonjour ! / مرحبًا!,,,,
1 — Salutations et présentations / التحيات والتعارف,3c010000-0000-4000-8000-000000000006,tanmirt,تانميرت,ⵜⴰⵏⵎⵉⵔⵜ,thank you,merci,شكرًا,interjection / تعجّب,tout l'Aurès (non précisé) / كل الأوراس (غير محدد),low,Forme panamazighe (kabyle tanemmirt) ; au quotidien beaucoup de Chaouis disent plutôt « saḥḥit ».,صيغة أمازيغية مشتركة (بالقبائلية tanemmirt)؛ كثير من الشاوية يقولون «صحّيت» في الحياة اليومية.,"tanemmirt, saḥḥit",1. Bonjour ! / مرحبًا!,,,,
1 — Salutations et présentations / التحيات والتعارف,3c010000-0000-4000-8000-000000000007,ih,إه,ⵉⵀ,yes,oui,نعم,particule / أداة,tout l'Aurès (non précisé) / كل الأوراس (غير محدد),low,Forme du kabyle et de parlers voisins ; la forme chaouie est à confirmer.,صيغة قبائلية ومن لهجات مجاورة؛ يجب تأكيد الصيغة الشاوية.,"ayh, wah",1. Bonjour ! / مرحبًا!,,,,
1 — Salutations et présentations / التحيات والتعارف,3c010000-0000-4000-8000-000000000008,ala,ألا,ⴰⵍⴰ,no,non,لا,particule / أداة,tout l'Aurès (non précisé) / كل الأوراس (غير محدد),low,Forme du kabyle ; certains parlers zénètes disent uhu. À confirmer.,صيغة قبائلية؛ بعض اللهجات الزناتية تقول uhu. يجب التأكد.,uhu,1. Bonjour ! / مرحبًا!,,,,
1 — Salutations et présentations / التحيات والتعارف,3c010000-0000-4000-8000-000000000014,ula d nec,أولا د نش,ⵓⵍⴰ ⴷ ⵏⴻⵛ,me too,moi aussi,وأنا أيضًا,phrase / عبارة,tout l'Aurès (non précisé) / كل الأوراس (غير محدد),low,Phrase composée à partir de mots connus ; grammaire et ordre des mots à vérifier.,جملة مركّبة من كلمات معروفة؛ يجب التحقق من القواعد وترتيب الكلمات.,ula d nekk,2. Toi et moi / أنا وأنت,,,,
1 — Salutations et présentations / التحيات والتعارف,3c010000-0000-4000-8000-000000000015,mamec,مامش,ⵎⴰⵎⴻⵛ,how,comment,كيف,adverbe / ظرف,tout l'Aurès (non précisé) / كل الأوراس (غير محدد),low,Forme zénète (proche du rifain) attribuée au chaoui sans certitude.,صيغة زناتية (قريبة من الريفية) منسوبة إلى الشاوية دون يقين.,"amek, mamek",2. Toi et moi / أنا وأنت,,,,
1 — Salutations et présentations / التحيات والتعارف,3c010000-0000-4000-8000-000000000016,mamec telliḍ,مامش تليض,ⵎⴰⵎⴻⵛ ⵜⴻⵍⵍⵉⴹ,how are you?,comment vas-tu ?,كيف حالك؟,phrase / عبارة,tout l'Aurès (non précisé) / كل الأوراس (غير محدد),low,« Comment es-tu » : mamec + telliḍ (verbe ili « être ») ; la finale -ḍ se prononce peut-être -d.,«كيف أنت»: mamec + telliḍ (فعل ili «كان»)؛ قد تُنطق النهاية ‎-ḍ دالًا.,amek telliḍ,2. Toi et moi / أنا وأنت,,,,
1 — Salutations et présentations / التحيات والتعارف,3c010000-0000-4000-8000-000000000018,min,مين,ⵎⵉⵏ,what,"quoi, quel",ماذا، ما,pronom / ضمير,tout l'Aurès (non précisé) / كل الأوراس (غير محدد),low,Forme zénète (proche du rifain) attribuée au chaoui sans certitude.,صيغة زناتية (قريبة من الريفية) منسوبة إلى الشاوية دون يقين.,acu,3. Comment t'appelles-tu ? / ما اسمك؟,,,,
1 — Salutations et présentations / التحيات والتعارف,3c010000-0000-4000-8000-000000000019,min isem-nnek,مين إسمنك,ⵎⵉⵏ ⵉⵙⴻⵎ-ⵏⵏⴻⴽ,what's your name? (to a man),comment t'appelles-tu ? (à un homme),ما اسمك؟ (لرجل),phrase / عبارة,tout l'Aurès (non précisé) / كل الأوراس (غير محدد),low,Phrase composée à partir de mots connus ; grammaire et ordre des mots à vérifier.,جملة مركّبة من كلمات معروفة؛ يجب التحقق من القواعد وترتيب الكلمات.,acu isem-nnek,3. Comment t'appelles-tu ? / ما اسمك؟,,,,
1 — Salutations et présentations / التحيات والتعارف,3c010000-0000-4000-8000-000000000020,min isem-nnem,مين إسمنم,ⵎⵉⵏ ⵉⵙⴻⵎ-ⵏⵏⴻⵎ,what's your name? (to a woman),comment t'appelles-tu ? (à une femme),ما اسمكِ؟ (لامرأة),phrase / عبارة,tout l'Aurès (non précisé) / كل الأوراس (غير محدد),low,Phrase composée à partir de mots connus ; grammaire et ordre des mots à vérifier.,جملة مركّبة من كلمات معروفة؛ يجب التحقق من القواعد وترتيب الكلمات.,acu isem-nnem,3. Comment t'appelles-tu ? / ما اسمك؟,,,,
1 — Salutations et présentations / التحيات والتعارف,3c010000-0000-4000-8000-000000000021,isem-inu Aksil,إسمينو أكسيل,ⵉⵙⴻⵎ-ⵉⵏⵓ ⴰⴽⵙⵉⵍ,my name is Aksil,je m'appelle Aksil,اسمي أكسيل,phrase / عبارة,tout l'Aurès (non précisé) / كل الأوراس (غير محدد),low,Possessif -inu « mon » ; certains parlers disent -iw. À confirmer.,لاحقة الملكية ‎-inu (ـي)؛ بعض اللهجات تقول ‎-iw. يجب التأكد.,isem-iw,3. Comment t'appelles-tu ? / ما اسمك؟,,,,
1 — Salutations et présentations / التحيات والتعارف,3c010000-0000-4000-8000-000000000022,isem-inu Dihya,إسمينو ديهيا,ⵉⵙⴻⵎ-ⵉⵏⵓ ⴷⵉⵀⵢⴰ,my name is Dihya,je m'appelle Dihya,اسمي ديهيا,phrase / عبارة,tout l'Aurès (non précisé) / كل الأوراس (غير محدد),low,Possessif -inu « mon » ; certains parlers disent -iw. À confirmer.,لاحقة الملكية ‎-inu (ـي)؛ بعض اللهجات تقول ‎-iw. يجب التأكد.,isem-iw,3. Comment t'appelles-tu ? / ما اسمك؟,,,,
1 — Salutations et présentations / التحيات والتعارف,3c010000-0000-4000-8000-000000000023,ameddukel,أمدوكل,ⴰⵎⴻⴷⴷⵓⴽⴻⵍ,friend (a man),ami,صديق,nom / اسم,tout l'Aurès (non précisé) / كل الأوراس (غير محدد),low,Forme connue surtout en kabyle ou en tamazight standard ; son usage en chaoui est à confirmer.,صيغة معروفة أساسًا في القبائلية أو الأمازيغية المعيارية؛ يجب تأكيد استعمالها في الشاوية.,amdakkel,3. Comment t'appelles-tu ? / ما اسمك؟,,,,
1 — Salutations et présentations / التحيات والتعارف,3c010000-0000-4000-8000-000000000024,tameddukelt,تامدوكلت,ⵜⴰⵎⴻⴷⴷⵓⴽⴻⵍⵜ,friend (a woman),amie,صديقة,nom / اسم,tout l'Aurès (non précisé) / كل الأوراس (غير محدد),low,Forme connue surtout en kabyle ou en tamazight standard ; son usage en chaoui est à confirmer.,صيغة معروفة أساسًا في القبائلية أو الأمازيغية المعيارية؛ يجب تأكيد استعمالها في الشاوية.,tamdakkelt,3. Comment t'appelles-tu ? / ما اسمك؟,,,,
1 — Salutations et présentations / التحيات والتعارف,3c010000-0000-4000-8000-000000000032,ur fhimeɣ ca,أور فهيمغ شا,ⵓⵔ ⴼⵀⵉⵎⴻⵖ ⵛⴰ,I don't understand,je ne comprends pas,لا أفهم,phrase / عبارة,tout l'Aurès (non précisé) / كل الأوراس (غير محدد),low,Verbe fhem (emprunt courant) avec la négation ur … ca ; forme de la négation à confirmer.,الفعل fhem (مقترض وشائع) مع النفي ur … ca؛ يجب تأكيد صيغة النفي.,,4. Fiers d'être chaouis / شاوي وأفتخر,,,,
1 — Salutations et présentations / التحيات والتعارف,3c010000-0000-4000-8000-000000000034,ssiwleɣ tacawit,سيولغ تاشاويت,ⵙⵙⵉⵡⵍⴻⵖ ⵜⴰⵛⴰⵡⵉⵜ,I speak Tachawit,je parle tachawit,أتكلّم الشاوية,phrase / عبارة,tout l'Aurès (non précisé) / كل الأوراس (غير محدد),low,Verbe ssiwel « parler » (comme en rifain) ; le chaoui emploie peut-être un autre verbe.,الفعل ssiwel «تكلّم» (كما في الريفية)؛ قد تستعمل الشاوية فعلًا آخر.,ttmeslayeɣ,4. Fiers d'être chaouis / شاوي وأفتخر,,,,
2 — La famille et les gens / العائلة والناس,3c020000-0000-4000-8000-000000000005,wa,وا,ⵡⴰ,this one (masculine),celui-ci,هذا,pronom / ضمير,tout l'Aurès (non précisé) / كل الأوراس (غير محدد),low,Démonstratif wa / ta ; le chaoui dit peut-être wagi ou wiya.,اسم الإشارة wa / ta؛ قد تقول الشاوية wagi أو wiya.,wagi,1. Mère et père / الأم والأب,,,,
2 — La famille et les gens / العائلة والناس,3c020000-0000-4000-8000-000000000006,ta,تا,ⵜⴰ,this one (feminine),celle-ci,هذه,pronom / ضمير,tout l'Aurès (non précisé) / كل الأوراس (غير محدد),low,Démonstratif wa / ta ; le chaoui dit peut-être tagi ou tiya.,اسم الإشارة wa / ta؛ قد تقول الشاوية tagi أو tiya.,tagi,1. Mère et père / الأم والأب,,,,
2 — La famille et les gens / العائلة والناس,3c020000-0000-4000-8000-000000000007,wa d baba,وا د بابا,ⵡⴰ ⴷ ⴱⴰⴱⴰ,this is my father,voici mon père,هذا أبي,phrase / عبارة,tout l'Aurès (non précisé) / كل الأوراس (غير محدد),low,Phrase composée à partir de mots connus ; grammaire et ordre des mots à vérifier.,جملة مركّبة من كلمات معروفة؛ يجب التحقق من القواعد وترتيب الكلمات.,,1. Mère et père / الأم والأب,,,,
2 — La famille et les gens / العائلة والناس,3c020000-0000-4000-8000-000000000008,ta d yemma,تا د يما,ⵜⴰ ⴷ ⵢⴻⵎⵎⴰ,this is my mother,voici ma mère,هذه أمّي,phrase / عبارة,tout l'Aurès (non précisé) / كل الأوراس (غير محدد),low,Phrase composée à partir de mots connus ; grammaire et ordre des mots à vérifier.,جملة مركّبة من كلمات معروفة؛ يجب التحقق من القواعد وترتيب الكلمات.,,1. Mère et père / الأم والأب,,,,
2 — La famille et les gens / العائلة والناس,3c020000-0000-4000-8000-000000000009,uma,أوما,ⵓⵎⴰ,my brother,mon frère,أخي,nom / اسم,tout l'Aurès (non précisé) / كل الأوراس (غير محدد),low,Forme zénète (rifain uma) ; le kabyle dit gma. À confirmer.,صيغة زناتية (بالريفية uma)؛ القبائلية تقول gma. يجب التأكد.,gma,2. Frères et sœurs / الإخوة والأخوات,,,,
2 — La famille et les gens / العائلة والناس,3c020000-0000-4000-8000-000000000011,wa d uma,وا د أوما,ⵡⴰ ⴷ ⵓⵎⴰ,this is my brother,voici mon frère,هذا أخي,phrase / عبارة,tout l'Aurès (non précisé) / كل الأوراس (غير محدد),low,Phrase composée à partir de mots connus ; grammaire et ordre des mots à vérifier.,جملة مركّبة من كلمات معروفة؛ يجب التحقق من القواعد وترتيب الكلمات.,,2. Frères et sœurs / الإخوة والأخوات,,,,
2 — La famille et les gens / العائلة والناس,3c020000-0000-4000-8000-000000000012,ta d ultma,تا د أولتما,ⵜⴰ ⴷ ⵓⵍⵜⵎⴰ,this is my sister,voici ma sœur,هذه أختي,phrase / عبارة,tout l'Aurès (non précisé) / كل الأوراس (غير محدد),low,Phrase composée à partir de mots connus ; grammaire et ordre des mots à vérifier.,جملة مركّبة من كلمات معروفة؛ يجب التحقق من القواعد وترتيب الكلمات.,,2. Frères et sœurs / الإخوة والأخوات,,,,
2 — La famille et les gens / العائلة والناس,3c020000-0000-4000-8000-000000000013,wa d mmi,وا د مي,ⵡⴰ ⴷ ⵎⵎⵉ,this is my son,voici mon fils,هذا ابني,phrase / عبارة,tout l'Aurès (non précisé) / كل الأوراس (غير محدد),low,Phrase composée à partir de mots connus ; grammaire et ordre des mots à vérifier.,جملة مركّبة من كلمات معروفة؛ يجب التحقق من القواعد وترتيب الكلمات.,,2. Frères et sœurs / الإخوة والأخوات,,,,
2 — La famille et les gens / العائلة والناس,3c020000-0000-4000-8000-000000000014,ta d illi,تا د إلي,ⵜⴰ ⴷ ⵉⵍⵍⵉ,this is my daughter,voici ma fille,هذه ابنتي,phrase / عبارة,tout l'Aurès (non précisé) / كل الأوراس (غير محدد),low,Phrase composée à partir de mots connus ; grammaire et ordre des mots à vérifier.,جملة مركّبة من كلمات معروفة؛ يجب التحقق من القواعد وترتيب الكلمات.,,2. Frères et sœurs / الإخوة والأخوات,,,,
2 — La famille et les gens / العائلة والناس,3c020000-0000-4000-8000-000000000015,ameqqran,أمقران,ⴰⵎⴻⵇⵇⵔⴰⵏ,big; the eldest,grand ; l'aîné,كبير؛ الأكبر,adjectif / صفة,tout l'Aurès (non précisé) / كل الأوراس (غير محدد),low,Forme connue surtout en kabyle ou en tamazight standard ; son usage en chaoui est à confirmer.,صيغة معروفة أساسًا في القبائلية أو الأمازيغية المعيارية؛ يجب تأكيد استعمالها في الشاوية.,amuqran,2. Frères et sœurs / الإخوة والأخوات,,,,
2 — La famille et les gens / العائلة والناس,3c020000-0000-4000-8000-000000000016,amecṭuḥ,أمشطوح,ⴰⵎⴻⵛⵟⵓⵃ,small; the youngest,petit ; le cadet,صغير؛ الأصغر,adjectif / صفة,tout l'Aurès (non précisé) / كل الأوراس (غير محدد),low,Forme connue surtout en kabyle ou en tamazight standard ; son usage en chaoui est à confirmer.,صيغة معروفة أساسًا في القبائلية أو الأمازيغية المعيارية؛ يجب تأكيد استعمالها في الشاوية.,amezzyan,2. Frères et sœurs / الإخوة والأخوات,,,,
2 — La famille et les gens / العائلة والناس,3c020000-0000-4000-8000-000000000022,netta d argaz-inu,نتا د أرڨازينو,ⵏⴻⵜⵜⴰ ⴷ ⴰⵔⴳⴰⵣ-ⵉⵏⵓ,he is my husband,c'est mon mari,هو زوجي,phrase / عبارة,tout l'Aurès (non précisé) / كل الأوراس (غير محدد),low,Phrase composée à partir de mots connus ; grammaire et ordre des mots à vérifier.,جملة مركّبة من كلمات معروفة؛ يجب التحقق من القواعد وترتيب الكلمات.,,3. Hommes et femmes / الرجال والنساء,,,,
2 — La famille et les gens / العائلة والناس,3c020000-0000-4000-8000-000000000023,nettat d tamɣart-inu,نتات د تامغارتينو,ⵏⴻⵜⵜⴰⵜ ⴷ ⵜⴰⵎⵖⴰⵔⵜ-ⵉⵏⵓ,she is my wife,c'est ma femme,هي زوجتي,phrase / عبارة,tout l'Aurès (non précisé) / كل الأوراس (غير محدد),low,Phrase composée à partir de mots connus ; grammaire et ordre des mots à vérifier.,جملة مركّبة من كلمات معروفة؛ يجب التحقق من القواعد وترتيب الكلمات.,,3. Hommes et femmes / الرجال والنساء,,,,
2 — La famille et les gens / العائلة والناس,3c020000-0000-4000-8000-000000000024,tawacult,تاواشولت,ⵜⴰⵡⴰⵛⵓⵍⵜ,family,famille,عائلة,nom / اسم,tout l'Aurès (non précisé) / كل الأوراس (غير محدد),low,Forme connue surtout en kabyle ou en tamazight standard ; son usage en chaoui est à confirmer.,صيغة معروفة أساسًا في القبائلية أو الأمازيغية المعيارية؛ يجب تأكيد استعمالها في الشاوية.,lɛayla (arabe),3. Hommes et femmes / الرجال والنساء,,,,
2 — La famille et les gens / العائلة والناس,3c020000-0000-4000-8000-000000000030,tawacult-inu,تاواشولتينو,ⵜⴰⵡⴰⵛⵓⵍⵜ-ⵉⵏⵓ,my family,ma famille,عائلتي,phrase / عبارة,tout l'Aurès (non précisé) / كل الأوراس (غير محدد),low,Possessif -inu « mon » ; certains parlers disent -iw. À confirmer.,لاحقة الملكية ‎-inu (ـي)؛ بعض اللهجات تقول ‎-iw. يجب التأكد.,tawacult-iw,4. Ta famille / عائلتك,,,,
2 — La famille et les gens / العائلة والناس,3c020000-0000-4000-8000-000000000031,anebgi,أنبڨي,ⴰⵏⴻⴱⴳⵉ,guest,invité,ضيف,nom / اسم,tout l'Aurès (non précisé) / كل الأوراس (غير محدد),low,Forme connue surtout en kabyle ou en tamazight standard ; son usage en chaoui est à confirmer.,صيغة معروفة أساسًا في القبائلية أو الأمازيغية المعيارية؛ يجب تأكيد استعمالها في الشاوية.,,4. Ta famille / عائلتك,,,,
2 — La famille et les gens / العائلة والناس,3c020000-0000-4000-8000-000000000032,mani,ماني,ⵎⴰⵏⵉ,where,où,أين,adverbe / ظرف,tout l'Aurès (non précisé) / كل الأوراس (غير محدد),low,Forme zénète (proche du rifain) attribuée au chaoui sans certitude.,صيغة زناتية (قريبة من الريفية) منسوبة إلى الشاوية دون يقين.,"anda, anida",4. Ta famille / عائلتك,,,,
2 — La famille et les gens / العائلة والناس,3c020000-0000-4000-8000-000000000033,mani tella yemma-k,ماني تلا يماك,ⵎⴰⵏⵉ ⵜⴻⵍⵍⴰ ⵢⴻⵎⵎⴰ-ⴽ,where is your mother? (to a man),où est ta mère ? (à un homme),أين أمّك؟,phrase / عبارة,tout l'Aurès (non précisé) / كل الأوراس (غير محدد),low,Phrase composée à partir de mots connus ; grammaire et ordre des mots à vérifier.,جملة مركّبة من كلمات معروفة؛ يجب التحقق من القواعد وترتيب الكلمات.,,4. Ta famille / عائلتك,,,,
2 — La famille et les gens / العائلة والناس,3c020000-0000-4000-8000-000000000034,yemma tella deg taddart,يما تلا دڨ تادارت,ⵢⴻⵎⵎⴰ ⵜⴻⵍⵍⴰ ⴷⴻⴳ ⵜⴰⴷⴷⴰⵔⵜ,my mother is at home,ma mère est à la maison,أمّي في البيت,phrase / عبارة,tout l'Aurès (non précisé) / كل الأوراس (غير محدد),low,Phrase composée à partir de mots connus ; grammaire et ordre des mots à vérifier.,جملة مركّبة من كلمات معروفة؛ يجب التحقق من القواعد وترتيب الكلمات.,,4. Ta famille / عائلتك,,,,
2 — La famille et les gens / العائلة والناس,3c020000-0000-4000-8000-000000000035,netta d baba-k,نتا د باباك,ⵏⴻⵜⵜⴰ ⴷ ⴱⴰⴱⴰ-ⴽ,is he your father? (to a man),c'est ton père ? (à un homme),هل هو أبوك؟,phrase / عبارة,tout l'Aurès (non précisé) / كل الأوراس (غير محدد),low,Phrase composée à partir de mots connus ; grammaire et ordre des mots à vérifier.,جملة مركّبة من كلمات معروفة؛ يجب التحقق من القواعد وترتيب الكلمات.,,4. Ta famille / عائلتك,,,,
"3 — Nombres, jours et temps / الأعداد والأيام والوقت",3c030000-0000-4000-8000-000000000001,ijjen,إجن,ⵉⵊⵊⴻⵏ,one,un,واحد,nombre / عدد,tout l'Aurès (non précisé) / كل الأوراس (غير محدد),low,Forme zénète (rifain ijjen) ; le kabyle dit yiwen. À confirmer en chaoui.,صيغة زناتية (بالريفية ijjen)؛ القبائلية تقول yiwen. يجب التأكد في الشاوية.,"yiwen, iǧǧen",1. De un à cinq / من واحد إلى خمسة,,,,
"3 — Nombres, jours et temps / الأعداد والأيام والوقت",3c030000-0000-4000-8000-000000000002,ijjet,إجت,ⵉⵊⵊⴻⵜ,one (feminine),une,واحدة,nombre / عدد,tout l'Aurès (non précisé) / كل الأوراس (غير محدد),low,Féminin de ijjen ; le kabyle dit yiwet. À confirmer.,مؤنث ijjen؛ القبائلية تقول yiwet. يجب التأكد.,yiwet,1. De un à cinq / من واحد إلى خمسة,,,,
"3 — Nombres, jours et temps / الأعداد والأيام والوقت",3c030000-0000-4000-8000-000000000005,kraḍ,كراض,ⴽⵔⴰⴹ,three,trois,ثلاثة,nombre / عدد,tout l'Aurès (non précisé) / كل الأوراس (غير محدد),low,Nombre amazigh ; dans le chaoui courant on compte souvent en arabe à partir de trois. Dites-nous quelle forme enseigner.,عدد أمازيغي؛ في الشاوية اليومية كثيرًا ما يُعدّ بالعربية ابتداءً من ثلاثة. أخبرونا بأي صيغة نعلّم.,tlata (arabe),1. De un à cinq / من واحد إلى خمسة,,,,
"3 — Nombres, jours et temps / الأعداد والأيام والوقت",3c030000-0000-4000-8000-000000000006,kkuẓ,كوز,ⴽⴽⵓⵥ,four,quatre,أربعة,nombre / عدد,tout l'Aurès (non précisé) / كل الأوراس (غير محدد),low,Nombre amazigh ; dans le chaoui courant on compte souvent en arabe à partir de trois. Dites-nous quelle forme enseigner.,عدد أمازيغي؛ في الشاوية اليومية كثيرًا ما يُعدّ بالعربية ابتداءً من ثلاثة. أخبرونا بأي صيغة نعلّم.,rebɛa (arabe),1. De un à cinq / من واحد إلى خمسة,,,,
"3 — Nombres, jours et temps / الأعداد والأيام والوقت",3c030000-0000-4000-8000-000000000007,semmus,سموس,ⵙⴻⵎⵎⵓⵙ,five,cinq,خمسة,nombre / عدد,tout l'Aurès (non précisé) / كل الأوراس (غير محدد),low,Nombre amazigh ; dans le chaoui courant on compte souvent en arabe à partir de trois. Dites-nous quelle forme enseigner.,عدد أمازيغي؛ في الشاوية اليومية كثيرًا ما يُعدّ بالعربية ابتداءً من ثلاثة. أخبرونا بأي صيغة نعلّم.,xemsa (arabe),1. De un à cinq / من واحد إلى خمسة,,,,
"3 — Nombres, jours et temps / الأعداد والأيام والوقت",3c030000-0000-4000-8000-000000000008,sḍis,سضيس,ⵙⴹⵉⵙ,six,six,ستة,nombre / عدد,tout l'Aurès (non précisé) / كل الأوراس (غير محدد),low,Nombre amazigh ; dans le chaoui courant on compte souvent en arabe à partir de trois. Dites-nous quelle forme enseigner.,عدد أمازيغي؛ في الشاوية اليومية كثيرًا ما يُعدّ بالعربية ابتداءً من ثلاثة. أخبرونا بأي صيغة نعلّم.,setta (arabe),2. De six à dix / من ستة إلى عشرة,,,,
"3 — Nombres, jours et temps / الأعداد والأيام والوقت",3c030000-0000-4000-8000-000000000009,sa,سا,ⵙⴰ,seven,sept,سبعة,nombre / عدد,tout l'Aurès (non précisé) / كل الأوراس (غير محدد),low,Nombre amazigh ; dans le chaoui courant on compte souvent en arabe à partir de trois. Dites-nous quelle forme enseigner.,عدد أمازيغي؛ في الشاوية اليومية كثيرًا ما يُعدّ بالعربية ابتداءً من ثلاثة. أخبرونا بأي صيغة نعلّم.,sebɛa (arabe),2. De six à dix / من ستة إلى عشرة,,,,
"3 — Nombres, jours et temps / الأعداد والأيام والوقت",3c030000-0000-4000-8000-000000000010,tam,تام,ⵜⴰⵎ,eight,huit,ثمانية,nombre / عدد,tout l'Aurès (non précisé) / كل الأوراس (غير محدد),low,Nombre amazigh ; dans le chaoui courant on compte souvent en arabe à partir de trois. Dites-nous quelle forme enseigner.,عدد أمازيغي؛ في الشاوية اليومية كثيرًا ما يُعدّ بالعربية ابتداءً من ثلاثة. أخبرونا بأي صيغة نعلّم.,tmanya (arabe),2. De six à dix / من ستة إلى عشرة,,,,
"3 — Nombres, jours et temps / الأعداد والأيام والوقت",3c030000-0000-4000-8000-000000000011,tẓa,تزا,ⵜⵥⴰ,nine,neuf,تسعة,nombre / عدد,tout l'Aurès (non précisé) / كل الأوراس (غير محدد),low,Nombre amazigh ; dans le chaoui courant on compte souvent en arabe à partir de trois. Dites-nous quelle forme enseigner.,عدد أمازيغي؛ في الشاوية اليومية كثيرًا ما يُعدّ بالعربية ابتداءً من ثلاثة. أخبرونا بأي صيغة نعلّم.,tesɛa (arabe),2. De six à dix / من ستة إلى عشرة,,,,
"3 — Nombres, jours et temps / الأعداد والأيام والوقت",3c030000-0000-4000-8000-000000000012,mraw,مراو,ⵎⵔⴰⵡ,ten,dix,عشرة,nombre / عدد,tout l'Aurès (non précisé) / كل الأوراس (غير محدد),low,Nombre amazigh ; dans le chaoui courant on compte souvent en arabe à partir de trois. Dites-nous quelle forme enseigner.,عدد أمازيغي؛ في الشاوية اليومية كثيرًا ما يُعدّ بالعربية ابتداءً من ثلاثة. أخبرونا بأي صيغة نعلّم.,ɛecra (arabe),2. De six à dix / من ستة إلى عشرة,,,,
"3 — Nombres, jours et temps / الأعداد والأيام والوقت",3c030000-0000-4000-8000-000000000013,acḥal,أشحال,ⴰⵛⵃⴰⵍ,how many; how much,combien,كم,adverbe / ظرف,tout l'Aurès (non précisé) / كل الأوراس (غير محدد),low,Forme kabyle et algérienne ; le chaoui dit peut-être cḥal ou menḥal.,صيغة قبائلية وجزائرية؛ قد تقول الشاوية cḥal أو menḥal.,cḥal,2. De six à dix / من ستة إلى عشرة,,,,
"3 — Nombres, jours et temps / الأعداد والأيام والوقت",3c030000-0000-4000-8000-000000000014,amezwaru,أمزوارو,ⴰⵎⴻⵣⵡⴰⵔⵓ,first,premier,الأوّل,adjectif / صفة,tout l'Aurès (non précisé) / كل الأوراس (غير محدد),low,Forme connue surtout en kabyle ou en tamazight standard ; son usage en chaoui est à confirmer.,صيغة معروفة أساسًا في القبائلية أو الأمازيغية المعيارية؛ يجب تأكيد استعمالها في الشاوية.,,2. De six à dix / من ستة إلى عشرة,,,,
"3 — Nombres, jours et temps / الأعداد والأيام والوقت",3c030000-0000-4000-8000-000000000015,aneggaru,أنڨارو,ⴰⵏⴻⴳⴳⴰⵔⵓ,last,dernier,الأخير,adjectif / صفة,tout l'Aurès (non précisé) / كل الأوراس (غير محدد),low,Forme connue surtout en kabyle ou en tamazight standard ; son usage en chaoui est à confirmer.,صيغة معروفة أساسًا في القبائلية أو الأمازيغية المعيارية؛ يجب تأكيد استعمالها في الشاوية.,,2. De six à dix / من ستة إلى عشرة,,,,
"3 — Nombres, jours et temps / الأعداد والأيام والوقت",3c030000-0000-4000-8000-000000000020,azekka,أزكا,ⴰⵣⴻⴽⴽⴰ,tomorrow,demain,غدًا,adverbe / ظرف,tout l'Aurès (non précisé) / كل الأوراس (غير محدد),low,Forme connue surtout en kabyle ou en tamazight standard ; son usage en chaoui est à confirmer.,صيغة معروفة أساسًا في القبائلية أو الأمازيغية المعيارية؛ يجب تأكيد استعمالها في الشاوية.,"asekka, tiwecca",3. Le jour et la nuit / النهار والليل,,,,
"3 — Nombres, jours et temps / الأعداد والأيام والوقت",3c030000-0000-4000-8000-000000000021,iḍelli,إضلي,ⵉⴹⴻⵍⵍⵉ,yesterday,hier,أمس,adverbe / ظرف,tout l'Aurès (non précisé) / كل الأوراس (غير محدد),low,Forme connue surtout en kabyle ou en tamazight standard ; son usage en chaoui est à confirmer.,صيغة معروفة أساسًا في القبائلية أو الأمازيغية المعيارية؛ يجب تأكيد استعمالها في الشاوية.,iḍennaḍ,3. Le jour et la nuit / النهار والليل,,,,
"3 — Nombres, jours et temps / الأعداد والأيام والوقت",3c030000-0000-4000-8000-000000000023,tura,تورا,ⵜⵓⵔⴰ,now,maintenant,الآن,adverbe / ظرف,tout l'Aurès (non précisé) / كل الأوراس (غير محدد),low,Forme connue surtout en kabyle ou en tamazight standard ; son usage en chaoui est à confirmer.,صيغة معروفة أساسًا في القبائلية أو الأمازيغية المعيارية؛ يجب تأكيد استعمالها في الشاوية.,ruxa,3. Le jour et la nuit / النهار والليل,,,,
"3 — Nombres, jours et temps / الأعداد والأيام والوقت",3c030000-0000-4000-8000-000000000024,yal ass,يال أس,ⵢⴰⵍ ⴰⵙⵙ,every day,chaque jour,كل يوم,phrase / عبارة,tout l'Aurès (non précisé) / كل الأوراس (غير محدد),low,Phrase composée à partir de mots connus ; grammaire et ordre des mots à vérifier.,جملة مركّبة من كلمات معروفة؛ يجب التحقق من القواعد وترتيب الكلمات.,,3. Le jour et la nuit / النهار والليل,,,,
"3 — Nombres, jours et temps / الأعداد والأيام والوقت",3c030000-0000-4000-8000-000000000028,assa d yennayer,أسا د يناير,ⴰⵙⵙⴰ ⴷ ⵢⴻⵏⵏⴰⵢⴻⵔ,today is Yennayer,"aujourd'hui, c'est Yennayer",اليوم ينّاير,phrase / عبارة,tout l'Aurès (non précisé) / كل الأوراس (غير محدد),low,Phrase composée à partir de mots connus ; grammaire et ordre des mots à vérifier.,جملة مركّبة من كلمات معروفة؛ يجب التحقق من القواعد وترتيب الكلمات.,,4. Une nouvelle année / سنة جديدة,,,,
"3 — Nombres, jours et temps / الأعداد والأيام والوقت",3c030000-0000-4000-8000-000000000029,ula d cek,أولا د شك,ⵓⵍⴰ ⴷ ⵛⴻⴽ,you too (to a man),toi aussi (à un homme),وأنت أيضًا,phrase / عبارة,tout l'Aurès (non précisé) / كل الأوراس (غير محدد),low,Phrase composée à partir de mots connus ; grammaire et ordre des mots à vérifier.,جملة مركّبة من كلمات معروفة؛ يجب التحقق من القواعد وترتيب الكلمات.,ula d kečč,4. Une nouvelle année / سنة جديدة,,,,
"3 — Nombres, jours et temps / الأعداد والأيام والوقت",3c030000-0000-4000-8000-000000000030,sin n wussan,سين ن وسان,ⵙⵉⵏ ⵏ ⵡⵓⵙⵙⴰⵏ,two days,deux jours,يومان,phrase / عبارة,tout l'Aurès (non précisé) / كل الأوراس (غير محدد),low,Nombre + n + état d'annexion (wussan) ; forme à vérifier.,عدد + n + حالة الإلحاق (wussan)؛ يجب التحقق من الصيغة.,,4. Une nouvelle année / سنة جديدة,,,,
"3 — Nombres, jours et temps / الأعداد والأيام والوقت",3c030000-0000-4000-8000-000000000031,kraḍ n wussan,كراض ن وسان,ⴽⵔⴰⴹ ⵏ ⵡⵓⵙⵙⴰⵏ,three days,trois jours,ثلاثة أيام,phrase / عبارة,tout l'Aurès (non précisé) / كل الأوراس (غير محدد),low,Nombre + n + état d'annexion (wussan) ; forme à vérifier.,عدد + n + حالة الإلحاق (wussan)؛ يجب التحقق من الصيغة.,,4. Une nouvelle année / سنة جديدة,,,,
"3 — Nombres, jours et temps / الأعداد والأيام والوقت",3c030000-0000-4000-8000-000000000032,ar azekka,أر أزكا,ⴰⵔ ⴰⵣⴻⴽⴽⴰ,see you tomorrow,à demain,إلى الغد,phrase / عبارة,tout l'Aurès (non précisé) / كل الأوراس (غير محدد),low,Forme connue surtout en kabyle ou en tamazight standard ; son usage en chaoui est à confirmer.,صيغة معروفة أساسًا في القبائلية أو الأمازيغية المعيارية؛ يجب تأكيد استعمالها في الشاوية.,,4. Une nouvelle année / سنة جديدة,,,,
"3 — Nombres, jours et temps / الأعداد والأيام والوقت",3c030000-0000-4000-8000-000000000033,acḥal n wussan,أشحال ن وسان,ⴰⵛⵃⴰⵍ ⵏ ⵡⵓⵙⵙⴰⵏ,how many days?,combien de jours ?,كم يومًا؟,phrase / عبارة,tout l'Aurès (non précisé) / كل الأوراس (غير محدد),low,Phrase composée à partir de mots connus ; grammaire et ordre des mots à vérifier.,جملة مركّبة من كلمات معروفة؛ يجب التحقق من القواعد وترتيب الكلمات.,,4. Une nouvelle année / سنة جديدة,,,,
"3 — Nombres, jours et temps / الأعداد والأيام والوقت",3c030000-0000-4000-8000-000000000034,azekka d ass n ssuq,أزكا د أس ن سوق,ⴰⵣⴻⴽⴽⴰ ⴷ ⴰⵙⵙ ⵏ ⵙⵙⵓⵇ,tomorrow is market day,"demain, c'est jour de marché",غدًا يوم السوق,phrase / عبارة,tout l'Aurès (non précisé) / كل الأوراس (غير محدد),low,Phrase composée à partir de mots connus ; grammaire et ordre des mots à vérifier.,جملة مركّبة من كلمات معروفة؛ يجب التحقق من القواعد وترتيب الكلمات.,,4. Une nouvelle année / سنة جديدة,,,,
"4 — Nourriture, boissons et marché / الطعام والشراب والسوق",3c040000-0000-4000-8000-000000000007,sew aman,سو أمان,ⵙⴻⵡ ⴰⵎⴰⵏ,drink some water,bois de l'eau,اشرب الماء,phrase / عبارة,tout l'Aurès (non précisé) / كل الأوراس (غير محدد),low,Phrase composée à partir de mots connus ; grammaire et ordre des mots à vérifier.,جملة مركّبة من كلمات معروفة؛ يجب التحقق من القواعد وترتيب الكلمات.,,1. Le pain et l'eau / الخبز والماء,,,,
"4 — Nourriture, boissons et marché / الطعام والشراب والسوق",3c040000-0000-4000-8000-000000000008,ecc aɣrum,أش أغروم,ⴻⵛⵛ ⴰⵖⵔⵓⵎ,eat some bread,mange du pain,كُلِ الخبز,phrase / عبارة,tout l'Aurès (non précisé) / كل الأوراس (غير محدد),low,Phrase composée à partir de mots connus ; grammaire et ordre des mots à vérifier.,جملة مركّبة من كلمات معروفة؛ يجب التحقق من القواعد وترتيب الكلمات.,,1. Le pain et l'eau / الخبز والماء,,,,
"4 — Nourriture, boissons et marché / الطعام والشراب والسوق",3c040000-0000-4000-8000-000000000011,aɣi,أغي,ⴰⵖⵉ,milk; buttermilk,lait ; petit-lait,حليب؛ لبن,nom / اسم,tout l'Aurès (non précisé) / كل الأوراس (غير محدد),low,aɣi = lait ou petit-lait selon les parlers ; le kabyle dit ayefki pour le lait. À préciser.,aɣi = حليب أو لبن حسب اللهجات؛ القبائلية تقول ayefki للحليب. يجب التدقيق.,ayefki,2. De la ferme / من المزرعة,,,,
"4 — Nourriture, boissons et marché / الطعام والشراب والسوق",3c040000-0000-4000-8000-000000000016,aren,أرن,ⴰⵔⴻⵏ,flour,farine,دقيق,nom / اسم,tout l'Aurès (non précisé) / كل الأوراس (غير محدد),low,Forme connue surtout en kabyle ou en tamazight standard ; son usage en chaoui est à confirmer.,صيغة معروفة أساسًا في القبائلية أو الأمازيغية المعيارية؛ يجب تأكيد استعمالها في الشاوية.,,2. De la ferme / من المزرعة,,,,
"4 — Nourriture, boissons et marché / الطعام والشراب والسوق",3c040000-0000-4000-8000-000000000017,seksu,سكسو,ⵙⴻⴽⵙⵓ,couscous,couscous,كسكس,nom / اسم,tout l'Aurès (non précisé) / كل الأوراس (غير محدد),low,Nom panamazigh du couscous ; le nom chaoui courant est peut-être différent.,الاسم الأمازيغي المشترك للكسكس؛ قد يكون الاسم الشاوي المتداول مختلفًا.,,3. À table / على المائدة,,,,
"4 — Nourriture, boissons et marché / الطعام والشراب والسوق",3c040000-0000-4000-8000-000000000018,azalim,أزاليم,ⴰⵣⴰⵍⵉⵎ,onion,oignon,بصل,nom / اسم,tout l'Aurès (non précisé) / كل الأوراس (غير محدد),low,Forme connue surtout en kabyle ou en tamazight standard ; son usage en chaoui est à confirmer.,صيغة معروفة أساسًا في القبائلية أو الأمازيغية المعيارية؛ يجب تأكيد استعمالها في الشاوية.,,3. À table / على المائدة,,,,
"4 — Nourriture, boissons et marché / الطعام والشراب والسوق",3c040000-0000-4000-8000-000000000019,tiskert,تيسكرت,ⵜⵉⵙⴽⴻⵔⵜ,garlic,ail,ثوم,nom / اسم,tout l'Aurès (non précisé) / كل الأوراس (غير محدد),low,Forme connue surtout en kabyle ou en tamazight standard ; son usage en chaoui est à confirmer.,صيغة معروفة أساسًا في القبائلية أو الأمازيغية المعيارية؛ يجب تأكيد استعمالها في الشاوية.,,3. À table / على المائدة,,,,
"4 — Nourriture, boissons et marché / الطعام والشراب والسوق",3c040000-0000-4000-8000-000000000020,imensi,إمنسي,ⵉⵎⴻⵏⵙⵉ,dinner,dîner,عشاء,nom / اسم,tout l'Aurès (non précisé) / كل الأوراس (غير محدد),low,Forme connue surtout en kabyle ou en tamazight standard ; son usage en chaoui est à confirmer.,صيغة معروفة أساسًا في القبائلية أو الأمازيغية المعيارية؛ يجب تأكيد استعمالها في الشاوية.,,3. À table / على المائدة,,,,
"4 — Nourriture, boissons et marché / الطعام والشراب والسوق",3c040000-0000-4000-8000-000000000021,efk-iyi,أفكيي,ⴻⴼⴽ-ⵉⵢⵉ,give me,donne-moi,أعطني,verbe / فعل,tout l'Aurès (non précisé) / كل الأوراس (غير محدد),low,Impératif efk + -iyi « moi » ; forme chaouie à confirmer.,صيغة الأمر efk + ‎-iyi (ـني)؛ يجب تأكيد الصيغة الشاوية.,,3. À table / على المائدة,,,,
"4 — Nourriture, boissons et marché / الطعام والشراب والسوق",3c040000-0000-4000-8000-000000000022,efk-iyi aman,أفكيي أمان,ⴻⴼⴽ-ⵉⵢⵉ ⴰⵎⴰⵏ,give me some water,donne-moi de l'eau,أعطني ماءً,phrase / عبارة,tout l'Aurès (non précisé) / كل الأوراس (غير محدد),low,Phrase composée à partir de mots connus ; grammaire et ordre des mots à vérifier.,جملة مركّبة من كلمات معروفة؛ يجب التحقق من القواعد وترتيب الكلمات.,,3. À table / على المائدة,,,,
"4 — Nourriture, boissons et marché / الطعام والشراب والسوق",3c040000-0000-4000-8000-000000000023,efk-iyi aɣrum,أفكيي أغروم,ⴻⴼⴽ-ⵉⵢⵉ ⴰⵖⵔⵓⵎ,give me some bread,donne-moi du pain,أعطني خبزًا,phrase / عبارة,tout l'Aurès (non précisé) / كل الأوراس (غير محدد),low,Phrase composée à partir de mots connus ; grammaire et ordre des mots à vérifier.,جملة مركّبة من كلمات معروفة؛ يجب التحقق من القواعد وترتيب الكلمات.,,3. À table / على المائدة,,,,
"4 — Nourriture, boissons et marché / الطعام والشراب والسوق",3c040000-0000-4000-8000-000000000024,yelha,يلها,ⵢⴻⵍⵀⴰ,it's good,c'est bon,إنه طيّب,verbe / فعل,tout l'Aurès (non précisé) / كل الأوراس (غير محدد),low,Forme connue surtout en kabyle ou en tamazight standard ; son usage en chaoui est à confirmer.,صيغة معروفة أساسًا في القبائلية أو الأمازيغية المعيارية؛ يجب تأكيد استعمالها في الشاوية.,,3. À table / على المائدة,,,,
"4 — Nourriture, boissons et marché / الطعام والشراب والسوق",3c040000-0000-4000-8000-000000000029,xseɣ,خسغ,ⵅⵙⴻⵖ,I want,je veux,أريد,verbe / فعل,tout l'Aurès (non précisé) / كل الأوراس (غير محدد),low,Forme zénète (proche du rifain) attribuée au chaoui sans certitude.,صيغة زناتية (قريبة من الريفية) منسوبة إلى الشاوية دون يقين.,bɣiɣ,4. Au marché / في السوق,,,,
"4 — Nourriture, boissons et marché / الطعام والشراب والسوق",3c040000-0000-4000-8000-000000000030,xseɣ aman,خسغ أمان,ⵅⵙⴻⵖ ⴰⵎⴰⵏ,I want some water,je veux de l'eau,أريد ماءً,phrase / عبارة,tout l'Aurès (non précisé) / كل الأوراس (غير محدد),low,Phrase composée à partir de mots connus ; grammaire et ordre des mots à vérifier.,جملة مركّبة من كلمات معروفة؛ يجب التحقق من القواعد وترتيب الكلمات.,,4. Au marché / في السوق,,,,
"4 — Nourriture, boissons et marché / الطعام والشراب والسوق",3c040000-0000-4000-8000-000000000031,ur xseɣ ca,أور خسغ شا,ⵓⵔ ⵅⵙⴻⵖ ⵛⴰ,I don't want any,je n'en veux pas,لا أريد,phrase / عبارة,tout l'Aurès (non précisé) / كل الأوراس (غير محدد),low,Phrase composée à partir de mots connus ; grammaire et ordre des mots à vérifier.,جملة مركّبة من كلمات معروفة؛ يجب التحقق من القواعد وترتيب الكلمات.,,4. Au marché / في السوق,,,,
"4 — Nourriture, boissons et marché / الطعام والشراب والسوق",3c040000-0000-4000-8000-000000000033,xseɣ tiyni,خسغ تييني,ⵅⵙⴻⵖ ⵜⵉⵢⵏⵉ,I want some dates,je veux des dattes,أريد تمرًا,phrase / عبارة,tout l'Aurès (non précisé) / كل الأوراس (غير محدد),low,Phrase composée à partir de mots connus ; grammaire et ordre des mots à vérifier.,جملة مركّبة من كلمات معروفة؛ يجب التحقق من القواعد وترتيب الكلمات.,,4. Au marché / في السوق,,,,
"4 — Nourriture, boissons et marché / الطعام والشراب والسوق",3c040000-0000-4000-8000-000000000034,xseɣ tament,خسغ تامنت,ⵅⵙⴻⵖ ⵜⴰⵎⴻⵏⵜ,I want some honey,je veux du miel,أريد عسلًا,phrase / عبارة,tout l'Aurès (non précisé) / كل الأوراس (غير محدد),low,Phrase composée à partir de mots connus ; grammaire et ordre des mots à vérifier.,جملة مركّبة من كلمات معروفة؛ يجب التحقق من القواعد وترتيب الكلمات.,,4. Au marché / في السوق,,,,
"4 — Nourriture, boissons et marché / الطعام والشراب والسوق",3c040000-0000-4000-8000-000000000035,tament n udrar,تامنت ن أودرار,ⵜⴰⵎⴻⵏⵜ ⵏ ⵓⴷⵔⴰⵔ,mountain honey,miel de montagne,عسل الجبل,phrase / عبارة,tout l'Aurès (non précisé) / كل الأوراس (غير محدد),low,adrar à l'état d'annexion (udrar) après n ; à vérifier.,adrar في حالة الإلحاق (udrar) بعد n؛ يجب التحقق.,,4. Au marché / في السوق,,,,
"5 — Maison, village et quotidien / البيت والقرية والحياة اليومية",3c050000-0000-4000-8000-000000000004,ldi,لدي,ⵍⴷⵉ,open!,ouvre !,افتح,verbe / فعل,tout l'Aurès (non précisé) / كل الأوراس (غير محدد),low,Forme connue surtout en kabyle ou en tamazight standard ; son usage en chaoui est à confirmer.,صيغة معروفة أساسًا في القبائلية أو الأمازيغية المعيارية؛ يجب تأكيد استعمالها في الشاوية.,,1. À la maison / في البيت,,,,
"5 — Maison, village et quotidien / البيت والقرية والحياة اليومية",3c050000-0000-4000-8000-000000000005,ldi tabburt,لدي تابورت,ⵍⴷⵉ ⵜⴰⴱⴱⵓⵔⵜ,open the door,ouvre la porte,افتح الباب,phrase / عبارة,tout l'Aurès (non précisé) / كل الأوراس (غير محدد),low,Phrase composée à partir de mots connus ; grammaire et ordre des mots à vérifier.,جملة مركّبة من كلمات معروفة؛ يجب التحقق من القواعد وترتيب الكلمات.,,1. À la maison / في البيت,,,,
"5 — Maison, village et quotidien / البيت والقرية والحياة اليومية",3c050000-0000-4000-8000-000000000006,tasarut n taddart,تاساروت ن تادارت,ⵜⴰⵙⴰⵔⵓⵜ ⵏ ⵜⴰⴷⴷⴰⵔⵜ,the house key,la clé de la maison,مفتاح البيت,phrase / عبارة,tout l'Aurès (non précisé) / كل الأوراس (غير محدد),low,taddart après n : l'état d'annexion est peut-être teddart.,taddart بعد n: قد تكون حالة الإلحاق teddart.,,1. À la maison / في البيت,,,,
"5 — Maison, village et quotidien / البيت والقرية والحياة اليومية",3c050000-0000-4000-8000-000000000008,tafat,تافات,ⵜⴰⴼⴰⵜ,light,lumière,ضوء، نور,nom / اسم,tout l'Aurès (non précisé) / كل الأوراس (غير محدد),low,Forme connue surtout en kabyle ou en tamazight standard ; son usage en chaoui est à confirmer.,صيغة معروفة أساسًا في القبائلية أو الأمازيغية المعيارية؛ يجب تأكيد استعمالها في الشاوية.,,1. À la maison / في البيت,,,,
"5 — Maison, village et quotidien / البيت والقرية والحياة اليومية",3c050000-0000-4000-8000-000000000009,ekcem,أكشم,ⴻⴽⵛⴻⵎ,come in!,entre !,ادخل,verbe / فعل,tout l'Aurès (non précisé) / كل الأوراس (غير محدد),low,Impératif de kcem « entrer » ; la forme chaouie est peut-être différente.,صيغة الأمر من kcem «دخل»؛ قد تكون الصيغة الشاوية مختلفة.,kcem,"2. Entre, assieds-toi / ادخل واجلس",,,,
"5 — Maison, village et quotidien / البيت والقرية والحياة اليومية",3c050000-0000-4000-8000-000000000011,ekcem ɣer taddart,أكشم غر تادارت,ⴻⴽⵛⴻⵎ ⵖⴻⵔ ⵜⴰⴷⴷⴰⵔⵜ,come into the house,entre dans la maison,ادخل إلى البيت,phrase / عبارة,tout l'Aurès (non précisé) / كل الأوراس (غير محدد),low,Phrase composée à partir de mots connus ; grammaire et ordre des mots à vérifier.,جملة مركّبة من كلمات معروفة؛ يجب التحقق من القواعد وترتيب الكلمات.,,"2. Entre, assieds-toi / ادخل واجلس",,,,
"5 — Maison, village et quotidien / البيت والقرية والحياة اليومية",3c050000-0000-4000-8000-000000000012,lliɣ deg taddart,ليغ دڨ تادارت,ⵍⵍⵉⵖ ⴷⴻⴳ ⵜⴰⴷⴷⴰⵔⵜ,I'm at home,je suis à la maison,أنا في البيت,phrase / عبارة,tout l'Aurès (non précisé) / كل الأوراس (غير محدد),low,Phrase composée à partir de mots connus ; grammaire et ordre des mots à vérifier.,جملة مركّبة من كلمات معروفة؛ يجب التحقق من القواعد وترتيب الكلمات.,,"2. Entre, assieds-toi / ادخل واجلس",,,,
"5 — Maison, village et quotidien / البيت والقرية والحياة اليومية",3c050000-0000-4000-8000-000000000013,agertil,أڨرتيل,ⴰⴳⴻⵔⵜⵉⵍ,mat,natte,حصير,nom / اسم,tout l'Aurès (non précisé) / كل الأوراس (غير محدد),low,Forme connue surtout en kabyle ou en tamazight standard ; son usage en chaoui est à confirmer.,صيغة معروفة أساسًا في القبائلية أو الأمازيغية المعيارية؛ يجب تأكيد استعمالها في الشاوية.,,"2. Entre, assieds-toi / ادخل واجلس",,,,
"5 — Maison, village et quotidien / البيت والقرية والحياة اليومية",3c050000-0000-4000-8000-000000000014,taɣenjawt,تاغنجاوت,ⵜⴰⵖⴻⵏⵊⴰⵡⵜ,spoon,cuillère,ملعقة,nom / اسم,tout l'Aurès (non précisé) / كل الأوراس (غير محدد),low,Forme connue surtout en kabyle ou en tamazight standard ; son usage en chaoui est à confirmer.,صيغة معروفة أساسًا في القبائلية أو الأمازيغية المعيارية؛ يجب تأكيد استعمالها في الشاوية.,,"2. Entre, assieds-toi / ادخل واجلس",,,,
"5 — Maison, village et quotidien / البيت والقرية والحياة اليومية",3c050000-0000-4000-8000-000000000015,asɣar,أسغار,ⴰⵙⵖⴰⵔ,"wood, firewood",bois,حطب,nom / اسم,tout l'Aurès (non précisé) / كل الأوراس (غير محدد),low,Forme connue surtout en kabyle ou en tamazight standard ; son usage en chaoui est à confirmer.,صيغة معروفة أساسًا في القبائلية أو الأمازيغية المعيارية؛ يجب تأكيد استعمالها في الشاوية.,,"2. Entre, assieds-toi / ادخل واجلس",,,,
"5 — Maison, village et quotidien / البيت والقرية والحياة اليومية",3c050000-0000-4000-8000-000000000017,ddecra,دشرا,ⴷⴷⴻⵛⵔⴰ,village (dechra),village (dechra),قرية (دشرة),nom / اسم,tout l'Aurès (non précisé) / كل الأوراس (غير محدد),low,Mot d'origine arabe très utilisé dans les Aurès ; indiquez-nous le mot chaoui que vous employez.,كلمة من أصل عربي شائعة في الأوراس؛ أخبرونا بالكلمة الشاوية التي تستعملونها.,,3. Le village / القرية,,,,
"5 — Maison, village et quotidien / البيت والقرية والحياة اليومية",3c050000-0000-4000-8000-000000000022,iger,إڨر,ⵉⴳⴻⵔ,field,champ,حقل,nom / اسم,tout l'Aurès (non précisé) / كل الأوراس (غير محدد),low,"Mot panamazigh, prononcé peut-être iyer (g → y) ; à confirmer.",كلمة أمازيغية مشتركة، قد تُنطق iyer؛ يجب التأكد.,iyer (prononciation),3. Le village / القرية,,,,
"5 — Maison, village et quotidien / البيت والقرية والحياة اليومية",3c050000-0000-4000-8000-000000000023,taqliɛt,تاقليعت,ⵜⴰⵇⵍⵉⵄⵜ,granary (guelaa),grenier collectif (guelaa),مخزن جماعي (قلعة),nom / اسم,tout l'Aurès (non précisé) / كل الأوراس (غير محدد),low,"Nom du grenier collectif des Aurès, d'après l'arabe qalʿa ; forme exacte à confirmer.",اسم المخزن الجماعي في الأوراس، من العربية «قلعة»؛ يجب تأكيد الصيغة.,tagliɛt,3. Le village / القرية,,,,
"5 — Maison, village et quotidien / البيت والقرية والحياة اليومية",3c050000-0000-4000-8000-000000000027,ad ṭṭseɣ,أد طسغ,ⴰⴷ ⵟⵟⵙⴻⵖ,I'm going to sleep,je vais dormir,سأنام,phrase / عبارة,tout l'Aurès (non précisé) / كل الأوراس (غير محدد),low,Futur ad + verbe ; en chaoui ad se prononce peut-être a ou ac.,المستقبل ad + فعل؛ قد تُنطق ad في الشاوية a أو ac.,,4. Ma journée / يومي,,,,
"5 — Maison, village et quotidien / البيت والقرية والحياة اليومية",3c050000-0000-4000-8000-000000000028,xdem,خدم,ⵅⴷⴻⵎ,work!,travaille !,اعمل,verbe / فعل,tout l'Aurès (non précisé) / كل الأوراس (غير محدد),low,"Emprunt à l'arabe, entendu dans le chaoui de tous les jours.",كلمة مقترضة من العربية، مسموعة في الشاوية اليومية.,,4. Ma journée / يومي,,,,
"5 — Maison, village et quotidien / البيت والقرية والحياة اليومية",3c050000-0000-4000-8000-000000000029,ad xedmeɣ,أد خدمغ,ⴰⴷ ⵅⴻⴷⵎⴻⵖ,I'm going to work,je vais travailler,سأعمل,phrase / عبارة,tout l'Aurès (non précisé) / كل الأوراس (غير محدد),low,Futur ad + verbe ; en chaoui ad se prononce peut-être a ou ac.,المستقبل ad + فعل؛ قد تُنطق ad في الشاوية a أو ac.,,4. Ma journée / يومي,,,,
"5 — Maison, village et quotidien / البيت والقرية والحياة اليومية",3c050000-0000-4000-8000-000000000031,ddu,دو,ⴷⴷⵓ,go!,va !,اذهب,verbe / فعل,tout l'Aurès (non précisé) / كل الأوراس (غير محدد),low,ddu en kabyle ; en chaoui on dit peut-être plutôt ṛuḥ.,ddu في القبائلية؛ قد تقول الشاوية ṛuḥ.,ṛuḥ,4. Ma journée / يومي,,,,
"5 — Maison, village et quotidien / البيت والقرية والحياة اليومية",3c050000-0000-4000-8000-000000000032,ddu ɣer ssuq,دو غر سوق,ⴷⴷⵓ ⵖⴻⵔ ⵙⵙⵓⵇ,go to the market,va au marché,اذهب إلى السوق,phrase / عبارة,tout l'Aurès (non précisé) / كل الأوراس (غير محدد),low,Phrase composée à partir de mots connus ; grammaire et ordre des mots à vérifier.,جملة مركّبة من كلمات معروفة؛ يجب التحقق من القواعد وترتيب الكلمات.,,4. Ma journée / يومي,,,,
"5 — Maison, village et quotidien / البيت والقرية والحياة اليومية",3c050000-0000-4000-8000-000000000033,efk-iyi tasarut,أفكيي تاساروت,ⴻⴼⴽ-ⵉⵢⵉ ⵜⴰⵙⴰⵔⵓⵜ,give me the key,donne-moi la clé,أعطني المفتاح,phrase / عبارة,tout l'Aurès (non précisé) / كل الأوراس (غير محدد),low,Phrase composée à partir de mots connus ; grammaire et ordre des mots à vérifier.,جملة مركّبة من كلمات معروفة؛ يجب التحقق من القواعد وترتيب الكلمات.,,4. Ma journée / يومي,,,,
"6 — Nature, animaux et Aurès / الطبيعة والحيوانات والأوراس",3c060000-0000-4000-8000-000000000005,idgel,إدڨل,ⵉⴷⴳⴻⵍ,cedar,cèdre,أرز,nom / اسم,tout l'Aurès (non précisé) / كل الأوراس (غير محدد),low,Nom du cèdre en tamazight de l'Atlas ; mot chaoui non vérifié.,اسم الأرز في أمازيغية الأطلس؛ الكلمة الشاوية غير مؤكدة.,,1. Montagnes et sources / الجبال والعيون,,,,
"6 — Nature, animaux et Aurès / الطبيعة والحيوانات والأوراس",3c060000-0000-4000-8000-000000000007,tafukt,تافوكت,ⵜⴰⴼⵓⴽⵜ,sun,soleil,شمس,nom / اسم,tout l'Aurès (non précisé) / كل الأوراس (غير محدد),low,Forme zénète et de l'Atlas ; le kabyle dit iṭij. À confirmer.,صيغة زناتية وأطلسية؛ القبائلية تقول iṭij. يجب التأكد.,iṭij,1. Montagnes et sources / الجبال والعيون,,,,
"6 — Nature, animaux et Aurès / الطبيعة والحيوانات والأوراس",3c060000-0000-4000-8000-000000000010,anẓar,أنزار,ⴰⵏⵥⴰⵔ,rain,pluie,مطر,nom / اسم,tout l'Aurès (non précisé) / كل الأوراس (غير محدد),low,anẓar = pluie dans plusieurs parlers ; le kabyle dit plutôt ageffur.,anẓar = مطر في عدة لهجات؛ القبائلية تقول ageffur.,ageffur,2. Le ciel et le temps / السماء والطقس,,,,
"6 — Nature, animaux et Aurès / الطبيعة والحيوانات والأوراس",3c060000-0000-4000-8000-000000000013,asemmiḍ,أسميض,ⴰⵙⴻⵎⵎⵉⴹ,cold,froid,برد,nom / اسم,tout l'Aurès (non précisé) / كل الأوراس (غير محدد),low,Forme connue surtout en kabyle ou en tamazight standard ; son usage en chaoui est à confirmer.,صيغة معروفة أساسًا في القبائلية أو الأمازيغية المعيارية؛ يجب تأكيد استعمالها في الشاوية.,,2. Le ciel et le temps / السماء والطقس,,,,
"6 — Nature, animaux et Aurès / الطبيعة والحيوانات والأوراس",3c060000-0000-4000-8000-000000000015,adfel ɣef udrar,أدفل غف أودرار,ⴰⴷⴼⴻⵍ ⵖⴻⴼ ⵓⴷⵔⴰⵔ,snow on the mountain,de la neige sur la montagne,ثلج على الجبل,phrase / عبارة,tout l'Aurès (non précisé) / كل الأوراس (غير محدد),low,Phrase composée à partir de mots connus ; grammaire et ordre des mots à vérifier.,جملة مركّبة من كلمات معروفة؛ يجب التحقق من القواعد وترتيب الكلمات.,,2. Le ciel et le temps / السماء والطقس,,,,
"6 — Nature, animaux et Aurès / الطبيعة والحيوانات والأوراس",3c060000-0000-4000-8000-000000000016,yella usemmiḍ,يلا أوسميض,ⵢⴻⵍⵍⴰ ⵓⵙⴻⵎⵎⵉⴹ,it's cold,il fait froid,الجوّ بارد,phrase / عبارة,tout l'Aurès (non précisé) / كل الأوراس (غير محدد),low,Phrase composée à partir de mots connus ; grammaire et ordre des mots à vérifier.,جملة مركّبة من كلمات معروفة؛ يجب التحقق من القواعد وترتيب الكلمات.,,2. Le ciel et le temps / السماء والطقس,,,,
"6 — Nature, animaux et Aurès / الطبيعة والحيوانات والأوراس",3c060000-0000-4000-8000-000000000017,yekkat unẓar,يكات أونزار,ⵢⴻⴽⴽⴰⵜ ⵓⵏⵥⴰⵔ,it's raining,il pleut,إنها تمطر,phrase / عبارة,tout l'Aurès (non précisé) / كل الأوراس (غير محدد),low,Tournure kabyle (yekkat « il frappe ») transposée ; le chaoui a peut-être une autre expression.,تعبير قبائلي (yekkat «يضرب») منقول؛ قد يكون للشاوية تعبير آخر.,,2. Le ciel et le temps / السماء والطقس,,,,
"6 — Nature, animaux et Aurès / الطبيعة والحيوانات والأوراس",3c060000-0000-4000-8000-000000000035,mani tella taɣaṭ,ماني تلا تاغاط,ⵎⴰⵏⵉ ⵜⴻⵍⵍⴰ ⵜⴰⵖⴰⵟ,where is the goat?,où est la chèvre ?,أين العنزة؟,phrase / عبارة,tout l'Aurès (non précisé) / كل الأوراس (غير محدد),low,Phrase composée à partir de mots connus ; grammaire et ordre des mots à vérifier.,جملة مركّبة من كلمات معروفة؛ يجب التحقق من القواعد وترتيب الكلمات.,,4. Les animaux des Aurès / حيوانات الأوراس,,,,
"6 — Nature, animaux et Aurès / الطبيعة والحيوانات والأوراس",3c060000-0000-4000-8000-000000000036,tella ɣef uẓru,تلا غف أوزرو,ⵜⴻⵍⵍⴰ ⵖⴻⴼ ⵓⵥⵔⵓ,it's on the rock,elle est sur le rocher,إنها على الصخرة,phrase / عبارة,tout l'Aurès (non précisé) / كل الأوراس (غير محدد),low,Phrase composée à partir de mots connus ; grammaire et ordre des mots à vérifier.,جملة مركّبة من كلمات معروفة؛ يجب التحقق من القواعد وترتيب الكلمات.,,4. Les animaux des Aurès / حيوانات الأوراس,,,,
1 — Salutations et présentations / التحيات والتعارف,3c010000-0000-4000-8000-000000000001,azul,أزول,ⴰⵣⵓⵍ,hello,bonjour,مرحبًا,interjection / تعجّب,tout l'Aurès (non précisé) / كل الأوراس (غير محدد),medium,"Salutation panamazighe, très répandue chez les Chaouis aujourd'hui ; au quotidien on dit aussi « ssalam ».",تحية أمازيغية مشتركة، منتشرة اليوم عند الشاوية؛ ويُقال أيضًا «السلام» في الحياة اليومية.,ssalam (arabe),1. Bonjour ! / مرحبًا!,,,,
1 — Salutations et présentations / التحيات والتعارف,3c010000-0000-4000-8000-000000000005,labas,لاباس,ⵍⴰⴱⴰⵙ,"fine, all good","ça va, bien",بخير,locution / تعبير,tout l'Aurès (non précisé) / كل الأوراس (غير محدد),medium,"Emprunt à l'arabe, entendu dans le chaoui de tous les jours.",كلمة مقترضة من العربية، مسموعة في الشاوية اليومية.,,1. Bonjour ! / مرحبًا!,,,,
1 — Salutations et présentations / التحيات والتعارف,3c010000-0000-4000-8000-000000000009,nec,نش,ⵏⴻⵛ,"I, me","je, moi",أنا,pronom / ضمير,tout l'Aurès (non précisé) / كل الأوراس (غير محدد),medium,Correspond à nekk ailleurs ; en chaoui le k se prononce ch.,يقابل nekk في لهجات أخرى؛ تُنطق الكاف شينًا في الشاوية.,"nekk, necc",2. Toi et moi / أنا وأنت,,,,
1 — Salutations et présentations / التحيات والتعارف,3c010000-0000-4000-8000-000000000010,cek,شك,ⵛⴻⴽ,you (to a man),toi (à un homme),أنتَ,pronom / ضمير,tout l'Aurès (non précisé) / كل الأوراس (غير محدد),medium,Forme chaouie/zénète attendue (kabyle kečč) ; graphie à confirmer.,الصيغة الشاوية/الزناتية المتوقعة (بالقبائلية kečč)؛ يجب تأكيد الكتابة.,"kečč, cecc",2. Toi et moi / أنا وأنت,,,,
1 — Salutations et présentations / التحيات والتعارف,3c010000-0000-4000-8000-000000000011,cem,شم,ⵛⴻⵎ,you (to a woman),toi (à une femme),أنتِ,pronom / ضمير,tout l'Aurès (non précisé) / كل الأوراس (غير محدد),medium,Forme chaouie/zénète attendue (kabyle kemm) ; graphie à confirmer.,الصيغة الشاوية/الزناتية المتوقعة (بالقبائلية kemm)؛ يجب تأكيد الكتابة.,kemm,2. Toi et moi / أنا وأنت,,,,
1 — Salutations et présentations / التحيات والتعارف,3c010000-0000-4000-8000-000000000012,netta,نتا,ⵏⴻⵜⵜⴰ,"he, him","il, lui",هو,pronom / ضمير,tout l'Aurès (non précisé) / كل الأوراس (غير محدد),medium,"Mot amazigh commun ; usage en chaoui très probable, mais pas encore vérifié avec un locuteur.",كلمة أمازيغية مشتركة؛ استعمالها في الشاوية مرجَّح جدًا لكن لم يُتحقَّق منه بعد مع متحدث.,,2. Toi et moi / أنا وأنت,,,,
1 — Salutations et présentations / التحيات والتعارف,3c010000-0000-4000-8000-000000000013,nettat,نتات,ⵏⴻⵜⵜⴰⵜ,"she, her",elle,هي,pronom / ضمير,tout l'Aurès (non précisé) / كل الأوراس (غير محدد),medium,"Mot amazigh commun ; usage en chaoui très probable, mais pas encore vérifié avec un locuteur.",كلمة أمازيغية مشتركة؛ استعمالها في الشاوية مرجَّح جدًا لكن لم يُتحقَّق منه بعد مع متحدث.,,2. Toi et moi / أنا وأنت,,,,
1 — Salutations et présentations / التحيات والتعارف,3c010000-0000-4000-8000-000000000025,acawi,أشاوي,ⴰⵛⴰⵡⵉ,Chaoui (a Chaoui man),Chaoui (un homme chaoui),شاوي,nom / اسم,tout l'Aurès (non précisé) / كل الأوراس (غير محدد),medium,Nom que se donnent les Chaouis ; graphie à confirmer (pluriel icawiyen).,الاسم الذي يطلقه الشاوية على أنفسهم؛ يجب تأكيد الكتابة (الجمع icawiyen).,ccawi,4. Fiers d'être chaouis / شاوي وأفتخر,,,,
1 — Salutations et présentations / التحيات والتعارف,3c010000-0000-4000-8000-000000000028,nec d acawi,نش د أشاوي,ⵏⴻⵛ ⴷ ⴰⵛⴰⵡⵉ,I'm Chaoui (said by a man),je suis chaoui (dit par un homme),أنا شاوي,phrase / عبارة,tout l'Aurès (non précisé) / كل الأوراس (غير محدد),medium,"Construction simple et régulière (nom + n + nom, ou particule d) ; les mots sont sûrs.",تركيب بسيط ومنتظم (اسم + n + اسم، أو الأداة d)؛ الكلمات موثوقة.,,4. Fiers d'être chaouis / شاوي وأفتخر,,,,
1 — Salutations et présentations / التحيات والتعارف,3c010000-0000-4000-8000-000000000029,nec d tacawit,نش د تاشاويت,ⵏⴻⵛ ⴷ ⵜⴰⵛⴰⵡⵉⵜ,I'm Chaoui (said by a woman),je suis chaouie (dit par une femme),أنا شاوية,phrase / عبارة,tout l'Aurès (non précisé) / كل الأوراس (غير محدد),medium,"Construction simple et régulière (nom + n + nom, ou particule d) ; les mots sont sûrs.",تركيب بسيط ومنتظم (اسم + n + اسم، أو الأداة d)؛ الكلمات موثوقة.,,4. Fiers d'être chaouis / شاوي وأفتخر,,,,
1 — Salutations et présentations / التحيات والتعارف,3c010000-0000-4000-8000-000000000030,amaziɣ,أمازيغ,ⴰⵎⴰⵣⵉⵖ,Amazigh (an Amazigh man),Amazigh (un homme amazigh),أمازيغي,nom / اسم,tout l'Aurès (non précisé) / كل الأوراس (غير محدد),medium,"Mot amazigh commun ; usage en chaoui très probable, mais pas encore vérifié avec un locuteur.",كلمة أمازيغية مشتركة؛ استعمالها في الشاوية مرجَّح جدًا لكن لم يُتحقَّق منه بعد مع متحدث.,,4. Fiers d'être chaouis / شاوي وأفتخر,,,,
1 — Salutations et présentations / التحيات والتعارف,3c010000-0000-4000-8000-000000000031,tamaziɣt,تامازيغت,ⵜⴰⵎⴰⵣⵉⵖⵜ,"Tamazight, the Amazigh language","le tamazight, la langue amazighe",الأمازيغية (اللغة),nom / اسم,tout l'Aurès (non précisé) / كل الأوراس (غير محدد),medium,"Mot amazigh commun ; usage en chaoui très probable, mais pas encore vérifié avec un locuteur.",كلمة أمازيغية مشتركة؛ استعمالها في الشاوية مرجَّح جدًا لكن لم يُتحقَّق منه بعد مع متحدث.,,4. Fiers d'être chaouis / شاوي وأفتخر,,,,
1 — Salutations et présentations / التحيات والتعارف,3c010000-0000-4000-8000-000000000033,cek d acawi,شك د أشاوي,ⵛⴻⴽ ⴷ ⴰⵛⴰⵡⵉ,are you Chaoui? (to a man),es-tu chaoui ? (à un homme),هل أنت شاوي؟,phrase / عبارة,tout l'Aurès (non précisé) / كل الأوراس (غير محدد),medium,"Construction simple et régulière (nom + n + nom, ou particule d) ; les mots sont sûrs.",تركيب بسيط ومنتظم (اسم + n + اسم، أو الأداة d)؛ الكلمات موثوقة.,,4. Fiers d'être chaouis / شاوي وأفتخر,,,,
2 — La famille et les gens / العائلة والناس,3c020000-0000-4000-8000-000000000003,mmi,مي,ⵎⵎⵉ,my son,mon fils,ابني,nom / اسم,tout l'Aurès (non précisé) / كل الأوراس (غير محدد),medium,"Mot amazigh commun ; usage en chaoui très probable, mais pas encore vérifié avec un locuteur.",كلمة أمازيغية مشتركة؛ استعمالها في الشاوية مرجَّح جدًا لكن لم يُتحقَّق منه بعد مع متحدث.,,1. Mère et père / الأم والأب,,,,
2 — La famille et les gens / العائلة والناس,3c020000-0000-4000-8000-000000000004,illi,إلي,ⵉⵍⵍⵉ,my daughter,ma fille,ابنتي,nom / اسم,tout l'Aurès (non précisé) / كل الأوراس (غير محدد),medium,"Mot amazigh commun ; usage en chaoui très probable, mais pas encore vérifié avec un locuteur.",كلمة أمازيغية مشتركة؛ استعمالها في الشاوية مرجَّح جدًا لكن لم يُتحقَّق منه بعد مع متحدث.,,1. Mère et père / الأم والأب,,,,
2 — La famille et les gens / العائلة والناس,3c020000-0000-4000-8000-000000000010,ultma,أولتما,ⵓⵍⵜⵎⴰ,my sister,ma sœur,أختي,nom / اسم,tout l'Aurès (non précisé) / كل الأوراس (غير محدد),medium,"Mot amazigh commun ; usage en chaoui très probable, mais pas encore vérifié avec un locuteur.",كلمة أمازيغية مشتركة؛ استعمالها في الشاوية مرجَّح جدًا لكن لم يُتحقَّق منه بعد مع متحدث.,weltma,2. Frères et sœurs / الإخوة والأخوات,,,,
2 — La famille et les gens / العائلة والناس,3c020000-0000-4000-8000-000000000018,tamɣart,تامغارت,ⵜⴰⵎⵖⴰⵔⵜ,woman; wife,femme ; épouse,امرأة؛ زوجة,nom / اسم,tout l'Aurès (non précisé) / كل الأوراس (غير محدد),medium,"En chaoui, comme en rifain, tamɣart = femme, épouse (en kabyle : vieille femme).",في الشاوية، كما في الريفية، tamɣart = امرأة، زوجة (وفي القبائلية: امرأة عجوز).,tameṭṭut,3. Hommes et femmes / الرجال والنساء,,,,
2 — La famille et les gens / العائلة والناس,3c020000-0000-4000-8000-000000000019,irgazen,إرڨازن,ⵉⵔⴳⴰⵣⴻⵏ,men,hommes,رجال,nom / اسم,tout l'Aurès (non précisé) / كل الأوراس (غير محدد),medium,"Mot amazigh commun ; usage en chaoui très probable, mais pas encore vérifié avec un locuteur.",كلمة أمازيغية مشتركة؛ استعمالها في الشاوية مرجَّح جدًا لكن لم يُتحقَّق منه بعد مع متحدث.,,3. Hommes et femmes / الرجال والنساء,,,,
2 — La famille et les gens / العائلة والناس,3c020000-0000-4000-8000-000000000020,amɣar,أمغار,ⴰⵎⵖⴰⵔ,old man; elder,vieil homme ; ancien,شيخ؛ رجل مُسنّ,nom / اسم,tout l'Aurès (non précisé) / كل الأوراس (غير محدد),medium,"Mot amazigh commun ; usage en chaoui très probable, mais pas encore vérifié avec un locuteur.",كلمة أمازيغية مشتركة؛ استعمالها في الشاوية مرجَّح جدًا لكن لم يُتحقَّق منه بعد مع متحدث.,,3. Hommes et femmes / الرجال والنساء,,,,
2 — La famille et les gens / العائلة والناس,3c020000-0000-4000-8000-000000000021,medden,مدن,ⵎⴻⴷⴷⴻⵏ,people,les gens,الناس,nom / اسم,tout l'Aurès (non précisé) / كل الأوراس (غير محدد),medium,"Mot amazigh commun ; usage en chaoui très probable, mais pas encore vérifié avec un locuteur.",كلمة أمازيغية مشتركة؛ استعمالها في الشاوية مرجَّح جدًا لكن لم يُتحقَّق منه بعد مع متحدث.,,3. Hommes et femmes / الرجال والنساء,,,,
2 — La famille et les gens / العائلة والناس,3c020000-0000-4000-8000-000000000025,yemma-k,يماك,ⵢⴻⵎⵎⴰ-ⴽ,your mother (to a man),ta mère (à un homme),أمّك (لرجل),nom / اسم,tout l'Aurès (non précisé) / كل الأوراس (غير محدد),medium,"Terme de parenté + suffixe possessif (-k, -m, -s), forme régulière.",كلمة قرابة + لاحقة الملكية (‎-k، ‎-m، ‎-s)، صيغة منتظمة.,,4. Ta famille / عائلتك,,,,
2 — La famille et les gens / العائلة والناس,3c020000-0000-4000-8000-000000000026,yemma-m,يمام,ⵢⴻⵎⵎⴰ-ⵎ,your mother (to a woman),ta mère (à une femme),أمّكِ (لامرأة),nom / اسم,tout l'Aurès (non précisé) / كل الأوراس (غير محدد),medium,"Terme de parenté + suffixe possessif (-k, -m, -s), forme régulière.",كلمة قرابة + لاحقة الملكية (‎-k، ‎-m، ‎-s)، صيغة منتظمة.,,4. Ta famille / عائلتك,,,,
2 — La famille et les gens / العائلة والناس,3c020000-0000-4000-8000-000000000027,baba-k,باباك,ⴱⴰⴱⴰ-ⴽ,your father (to a man),ton père (à un homme),أبوك (لرجل),nom / اسم,tout l'Aurès (non précisé) / كل الأوراس (غير محدد),medium,"Terme de parenté + suffixe possessif (-k, -m, -s), forme régulière.",كلمة قرابة + لاحقة الملكية (‎-k، ‎-m، ‎-s)، صيغة منتظمة.,,4. Ta famille / عائلتك,,,,
2 — La famille et les gens / العائلة والناس,3c020000-0000-4000-8000-000000000028,yemma-s,يماس,ⵢⴻⵎⵎⴰ-ⵙ,his or her mother,sa mère,أمّه، أمّها,nom / اسم,tout l'Aurès (non précisé) / كل الأوراس (غير محدد),medium,"Terme de parenté + suffixe possessif (-k, -m, -s), forme régulière.",كلمة قرابة + لاحقة الملكية (‎-k، ‎-m، ‎-s)، صيغة منتظمة.,,4. Ta famille / عائلتك,,,,
2 — La famille et les gens / العائلة والناس,3c020000-0000-4000-8000-000000000029,baba-s,باباس,ⴱⴰⴱⴰ-ⵙ,his or her father,son père,أبوه، أبوها,nom / اسم,tout l'Aurès (non précisé) / كل الأوراس (غير محدد),medium,"Terme de parenté + suffixe possessif (-k, -m, -s), forme régulière.",كلمة قرابة + لاحقة الملكية (‎-k، ‎-m، ‎-s)، صيغة منتظمة.,,4. Ta famille / عائلتك,,,,
"3 — Nombres, jours et temps / الأعداد والأيام والوقت",3c030000-0000-4000-8000-000000000004,snat,سنات,ⵙⵏⴰⵜ,two (feminine),deux (féminin),اثنتان,nombre / عدد,tout l'Aurès (non précisé) / كل الأوراس (غير محدد),medium,"Mot amazigh commun ; usage en chaoui très probable, mais pas encore vérifié avec un locuteur.",كلمة أمازيغية مشتركة؛ استعمالها في الشاوية مرجَّح جدًا لكن لم يُتحقَّق منه بعد مع متحدث.,,1. De un à cinq / من واحد إلى خمسة,,,,
"3 — Nombres, jours et temps / الأعداد والأيام والوقت",3c030000-0000-4000-8000-000000000017,ussan,أوسان,ⵓⵙⵙⴰⵏ,days,jours,أيام,nom / اسم,tout l'Aurès (non précisé) / كل الأوراس (غير محدد),medium,"Mot amazigh commun ; usage en chaoui très probable, mais pas encore vérifié avec un locuteur.",كلمة أمازيغية مشتركة؛ استعمالها في الشاوية مرجَّح جدًا لكن لم يُتحقَّق منه بعد مع متحدث.,,3. Le jour et la nuit / النهار والليل,,,,
"3 — Nombres, jours et temps / الأعداد والأيام والوقت",3c030000-0000-4000-8000-000000000018,iḍ,إض,ⵉⴹ,night,nuit,ليل، ليلة,nom / اسم,tout l'Aurès (non précisé) / كل الأوراس (غير محدد),medium,"Mot amazigh commun ; usage en chaoui très probable, mais pas encore vérifié avec un locuteur.",كلمة أمازيغية مشتركة؛ استعمالها في الشاوية مرجَّح جدًا لكن لم يُتحقَّق منه بعد مع متحدث.,,3. Le jour et la nuit / النهار والليل,,,,
"3 — Nombres, jours et temps / الأعداد والأيام والوقت",3c030000-0000-4000-8000-000000000019,assa,أسا,ⴰⵙⵙⴰ,today,aujourd'hui,اليوم,adverbe / ظرف,tout l'Aurès (non précisé) / كل الأوراس (غير محدد),medium,"Mot amazigh commun ; usage en chaoui très probable, mais pas encore vérifié avec un locuteur.",كلمة أمازيغية مشتركة؛ استعمالها في الشاوية مرجَّح جدًا لكن لم يُتحقَّق منه بعد مع متحدث.,,3. Le jour et la nuit / النهار والليل,,,,
"3 — Nombres, jours et temps / الأعداد والأيام والوقت",3c030000-0000-4000-8000-000000000022,tameddit,تامديت,ⵜⴰⵎⴻⴷⴷⵉⵜ,evening,soir,مساء,nom / اسم,tout l'Aurès (non précisé) / كل الأوراس (غير محدد),medium,"Mot amazigh commun ; usage en chaoui très probable, mais pas encore vérifié avec un locuteur.",كلمة أمازيغية مشتركة؛ استعمالها في الشاوية مرجَّح جدًا لكن لم يُتحقَّق منه بعد مع متحدث.,,3. Le jour et la nuit / النهار والليل,,,,
"3 — Nombres, jours et temps / الأعداد والأيام والوقت",3c030000-0000-4000-8000-000000000025,aseggas,أسڨاس,ⴰⵙⴻⴳⴳⴰⵙ,year,année,سنة، عام,nom / اسم,tout l'Aurès (non précisé) / كل الأوراس (غير محدد),medium,Mot panamazigh ; en chaoui souvent prononcé aseyyas (g → y).,كلمة أمازيغية مشتركة؛ كثيرًا ما تُنطق في الشاوية aseyyas.,aseyyas (prononciation),4. Une nouvelle année / سنة جديدة,,,,
"3 — Nombres, jours et temps / الأعداد والأيام والوقت",3c030000-0000-4000-8000-000000000027,aseggas ameggaz,أسڨاس أمڨاز,ⴰⵙⴻⴳⴳⴰⵙ ⴰⵎⴻⴳⴳⴰⵣ,happy new year,bonne année,سنة سعيدة,phrase / عبارة,tout l'Aurès (non précisé) / كل الأوراس (غير محدد),medium,Vœu de Yennayer largement utilisé ; prononciation locale possible aseyyas ameyyaz.,تهنئة ينّاير المستعملة على نطاق واسع؛ قد يكون النطق المحلي aseyyas ameyyaz.,,4. Une nouvelle année / سنة جديدة,,,,
"4 — Nourriture, boissons et marché / الطعام والشراب والسوق",3c040000-0000-4000-8000-000000000003,tisent,تيسنت,ⵜⵉⵙⴻⵏⵜ,salt,sel,ملح,nom / اسم,tout l'Aurès (non précisé) / كل الأوراس (غير محدد),medium,"Mot amazigh commun ; usage en chaoui très probable, mais pas encore vérifié avec un locuteur.",كلمة أمازيغية مشتركة؛ استعمالها في الشاوية مرجَّح جدًا لكن لم يُتحقَّق منه بعد مع متحدث.,,1. Le pain et l'eau / الخبز والماء,,,,
"4 — Nourriture, boissons et marché / الطعام والشراب والسوق",3c040000-0000-4000-8000-000000000004,zzit,زيت,ⵣⵣⵉⵜ,oil,huile,زيت,nom / اسم,tout l'Aurès (non précisé) / كل الأوراس (غير محدد),medium,"Emprunt à l'arabe, entendu dans le chaoui de tous les jours.",كلمة مقترضة من العربية، مسموعة في الشاوية اليومية.,,1. Le pain et l'eau / الخبز والماء,,,,
"4 — Nourriture, boissons et marché / الطعام والشراب والسوق",3c040000-0000-4000-8000-000000000005,sew,سو,ⵙⴻⵡ,drink!,bois !,اشرب,verbe / فعل,tout l'Aurès (non précisé) / كل الأوراس (غير محدد),medium,"Mot amazigh commun ; usage en chaoui très probable, mais pas encore vérifié avec un locuteur.",كلمة أمازيغية مشتركة؛ استعمالها في الشاوية مرجَّح جدًا لكن لم يُتحقَّق منه بعد مع متحدث.,,1. Le pain et l'eau / الخبز والماء,,,,
"4 — Nourriture, boissons et marché / الطعام والشراب والسوق",3c040000-0000-4000-8000-000000000006,ecc,أش,ⴻⵛⵛ,eat!,mange !,كُلْ,verbe / فعل,tout l'Aurès (non précisé) / كل الأوراس (غير محدد),medium,Impératif de « manger » (kabyle ečč) ; graphie chaouie à confirmer.,صيغة الأمر من «أكل» (بالقبائلية ečč)؛ يجب تأكيد الكتابة الشاوية.,ečč,1. Le pain et l'eau / الخبز والماء,,,,
"4 — Nourriture, boissons et marché / الطعام والشراب والسوق",3c040000-0000-4000-8000-000000000009,aksum,أكسوم,ⴰⴽⵙⵓⵎ,meat,viande,لحم,nom / اسم,tout l'Aurès (non précisé) / كل الأوراس (غير محدد),medium,"Mot amazigh commun ; usage en chaoui très probable, mais pas encore vérifié avec un locuteur.",كلمة أمازيغية مشتركة؛ استعمالها في الشاوية مرجَّح جدًا لكن لم يُتحقَّق منه بعد مع متحدث.,,2. De la ferme / من المزرعة,,,,
"4 — Nourriture, boissons et marché / الطعام والشراب والسوق",3c040000-0000-4000-8000-000000000010,tamellalt,تاملالت,ⵜⴰⵎⴻⵍⵍⴰⵍⵜ,egg,œuf,بيضة,nom / اسم,tout l'Aurès (non précisé) / كل الأوراس (غير محدد),medium,"Mot amazigh commun ; usage en chaoui très probable, mais pas encore vérifié avec un locuteur.",كلمة أمازيغية مشتركة؛ استعمالها في الشاوية مرجَّح جدًا لكن لم يُتحقَّق منه بعد مع متحدث.,,2. De la ferme / من المزرعة,,,,
"4 — Nourriture, boissons et marché / الطعام والشراب والسوق",3c040000-0000-4000-8000-000000000012,udi,أودي,ⵓⴷⵉ,butter (smen),beurre (smen),سمن,nom / اسم,tout l'Aurès (non précisé) / كل الأوراس (غير محدد),medium,"Mot amazigh commun ; usage en chaoui très probable, mais pas encore vérifié avec un locuteur.",كلمة أمازيغية مشتركة؛ استعمالها في الشاوية مرجَّح جدًا لكن لم يُتحقَّق منه بعد مع متحدث.,,2. De la ferme / من المزرعة,,,,
"4 — Nourriture, boissons et marché / الطعام والشراب والسوق",3c040000-0000-4000-8000-000000000013,tament,تامنت,ⵜⴰⵎⴻⵏⵜ,honey,miel,عسل,nom / اسم,tout l'Aurès (non précisé) / كل الأوراس (غير محدد),medium,"Mot amazigh commun ; usage en chaoui très probable, mais pas encore vérifié avec un locuteur.",كلمة أمازيغية مشتركة؛ استعمالها في الشاوية مرجَّح جدًا لكن لم يُتحقَّق منه بعد مع متحدث.,,2. De la ferme / من المزرعة,,,,
"4 — Nourriture, boissons et marché / الطعام والشراب والسوق",3c040000-0000-4000-8000-000000000014,irden,إردن,ⵉⵔⴷⴻⵏ,wheat,blé,قمح,nom / اسم,tout l'Aurès (non précisé) / كل الأوراس (غير محدد),medium,"Mot amazigh commun ; usage en chaoui très probable, mais pas encore vérifié avec un locuteur.",كلمة أمازيغية مشتركة؛ استعمالها في الشاوية مرجَّح جدًا لكن لم يُتحقَّق منه بعد مع متحدث.,,2. De la ferme / من المزرعة,,,,
"4 — Nourriture, boissons et marché / الطعام والشراب والسوق",3c040000-0000-4000-8000-000000000015,timẓin,تيمزين,ⵜⵉⵎⵥⵉⵏ,barley,orge,شعير,nom / اسم,tout l'Aurès (non précisé) / كل الأوراس (غير محدد),medium,"Mot amazigh commun ; usage en chaoui très probable, mais pas encore vérifié avec un locuteur.",كلمة أمازيغية مشتركة؛ استعمالها في الشاوية مرجَّح جدًا لكن لم يُتحقَّق منه بعد مع متحدث.,,2. De la ferme / من المزرعة,,,,
"4 — Nourriture, boissons et marché / الطعام والشراب والسوق",3c040000-0000-4000-8000-000000000025,aman n tala,أمان ن تالا,ⴰⵎⴰⵏ ⵏ ⵜⴰⵍⴰ,spring water,eau de source,ماء العين,phrase / عبارة,tout l'Aurès (non précisé) / كل الأوراس (غير محدد),medium,"Construction simple et régulière (nom + n + nom, ou particule d) ; les mots sont sûrs.",تركيب بسيط ومنتظم (اسم + n + اسم، أو الأداة d)؛ الكلمات موثوقة.,,3. À table / على المائدة,,,,
"4 — Nourriture, boissons et marché / الطعام والشراب والسوق",3c040000-0000-4000-8000-000000000026,ssuq,سوق,ⵙⵙⵓⵇ,market,marché,سوق,nom / اسم,tout l'Aurès (non précisé) / كل الأوراس (غير محدد),medium,"Emprunt à l'arabe, entendu dans le chaoui de tous les jours.",كلمة مقترضة من العربية، مسموعة في الشاوية اليومية.,,4. Au marché / في السوق,,,,
"4 — Nourriture, boissons et marché / الطعام والشراب والسوق",3c040000-0000-4000-8000-000000000027,tiyni,تييني,ⵜⵉⵢⵏⵉ,dates,dattes,تمر,nom / اسم,tout l'Aurès (non précisé) / كل الأوراس (غير محدد),medium,"Mot amazigh commun ; usage en chaoui très probable, mais pas encore vérifié avec un locuteur.",كلمة أمازيغية مشتركة؛ استعمالها في الشاوية مرجَّح جدًا لكن لم يُتحقَّق منه بعد مع متحدث.,,4. Au marché / في السوق,,,,
"4 — Nourriture, boissons et marché / الطعام والشراب والسوق",3c040000-0000-4000-8000-000000000028,azemmur,أزمور,ⴰⵣⴻⵎⵎⵓⵔ,olives,olives,زيتون,nom / اسم,tout l'Aurès (non précisé) / كل الأوراس (غير محدد),medium,"Mot amazigh commun ; usage en chaoui très probable, mais pas encore vérifié avec un locuteur.",كلمة أمازيغية مشتركة؛ استعمالها في الشاوية مرجَّح جدًا لكن لم يُتحقَّق منه بعد مع متحدث.,,4. Au marché / في السوق,,,,
"4 — Nourriture, boissons et marché / الطعام والشراب والسوق",3c040000-0000-4000-8000-000000000032,tiyni n Biskra,تييني ن بسكرة,ⵜⵉⵢⵏⵉ ⵏ ⴱⵉⵙⴽⵔⴰ,dates from Biskra,dattes de Biskra,تمر بسكرة,phrase / عبارة,tout l'Aurès (non précisé) / كل الأوراس (غير محدد),medium,"Construction simple et régulière (nom + n + nom, ou particule d) ; les mots sont sûrs.",تركيب بسيط ومنتظم (اسم + n + اسم، أو الأداة d)؛ الكلمات موثوقة.,,4. Au marché / في السوق,,,,
"5 — Maison, village et quotidien / البيت والقرية والحياة اليومية",3c050000-0000-4000-8000-000000000001,taddart,تادارت,ⵜⴰⴷⴷⴰⵔⵜ,"house, home",maison,بيت، منزل,nom / اسم,tout l'Aurès (non précisé) / كل الأوراس (غير محدد),medium,En chaoui taddart = la maison (en kabyle = le village). Autre forme possible : axxam.,في الشاوية taddart = البيت (وفي القبائلية = القرية). صيغة أخرى ممكنة: axxam.,axxam,1. À la maison / في البيت,,,,
"5 — Maison, village et quotidien / البيت والقرية والحياة اليومية",3c050000-0000-4000-8000-000000000002,tabburt,تابورت,ⵜⴰⴱⴱⵓⵔⵜ,door,porte,باب,nom / اسم,tout l'Aurès (non précisé) / كل الأوراس (غير محدد),medium,"Mot amazigh commun ; usage en chaoui très probable, mais pas encore vérifié avec un locuteur.",كلمة أمازيغية مشتركة؛ استعمالها في الشاوية مرجَّح جدًا لكن لم يُتحقَّق منه بعد مع متحدث.,,1. À la maison / في البيت,,,,
"5 — Maison, village et quotidien / البيت والقرية والحياة اليومية",3c050000-0000-4000-8000-000000000003,tasarut,تاساروت,ⵜⴰⵙⴰⵔⵓⵜ,key,clé,مفتاح,nom / اسم,tout l'Aurès (non précisé) / كل الأوراس (غير محدد),medium,"Mot amazigh commun ; usage en chaoui très probable, mais pas encore vérifié avec un locuteur.",كلمة أمازيغية مشتركة؛ استعمالها في الشاوية مرجَّح جدًا لكن لم يُتحقَّق منه بعد مع متحدث.,,1. À la maison / في البيت,,,,
"5 — Maison, village et quotidien / البيت والقرية والحياة اليومية",3c050000-0000-4000-8000-000000000007,timessi,تيمسي,ⵜⵉⵎⴻⵙⵙⵉ,fire,feu,نار,nom / اسم,tout l'Aurès (non précisé) / كل الأوراس (غير محدد),medium,"Mot amazigh commun ; usage en chaoui très probable, mais pas encore vérifié avec un locuteur.",كلمة أمازيغية مشتركة؛ استعمالها في الشاوية مرجَّح جدًا لكن لم يُتحقَّق منه بعد مع متحدث.,,1. À la maison / في البيت,,,,
"5 — Maison, village et quotidien / البيت والقرية والحياة اليومية",3c050000-0000-4000-8000-000000000010,qqim,قيم,ⵇⵇⵉⵎ,sit down!,assieds-toi !,اجلس,verbe / فعل,tout l'Aurès (non précisé) / كل الأوراس (غير محدد),medium,"Mot amazigh commun ; usage en chaoui très probable, mais pas encore vérifié avec un locuteur.",كلمة أمازيغية مشتركة؛ استعمالها في الشاوية مرجَّح جدًا لكن لم يُتحقَّق منه بعد مع متحدث.,,"2. Entre, assieds-toi / ادخل واجلس",,,,
"5 — Maison, village et quotidien / البيت والقرية والحياة اليومية",3c050000-0000-4000-8000-000000000016,abernus,أبرنوس,ⴰⴱⴻⵔⵏⵓⵙ,burnous (wool cloak),burnous,برنس,nom / اسم,tout l'Aurès (non précisé) / كل الأوراس (غير محدد),medium,"Mot amazigh commun ; usage en chaoui très probable, mais pas encore vérifié avec un locuteur.",كلمة أمازيغية مشتركة؛ استعمالها في الشاوية مرجَّح جدًا لكن لم يُتحقَّق منه بعد مع متحدث.,,"2. Entre, assieds-toi / ادخل واجلس",,,,
"5 — Maison, village et quotidien / البيت والقرية والحياة اليومية",3c050000-0000-4000-8000-000000000018,abrid,أبريد,ⴰⴱⵔⵉⴷ,"road, path","chemin, route",طريق,nom / اسم,tout l'Aurès (non précisé) / كل الأوراس (غير محدد),medium,"Mot amazigh commun ; usage en chaoui très probable, mais pas encore vérifié avec un locuteur.",كلمة أمازيغية مشتركة؛ استعمالها في الشاوية مرجَّح جدًا لكن لم يُتحقَّق منه بعد مع متحدث.,,3. Le village / القرية,,,,
"5 — Maison, village et quotidien / البيت والقرية والحياة اليومية",3c050000-0000-4000-8000-000000000019,tamdint,تامدينت,ⵜⴰⵎⴷⵉⵏⵜ,"town, city",ville,مدينة,nom / اسم,tout l'Aurès (non précisé) / كل الأوراس (غير محدد),medium,"Mot amazigh commun ; usage en chaoui très probable, mais pas encore vérifié avec un locuteur.",كلمة أمازيغية مشتركة؛ استعمالها في الشاوية مرجَّح جدًا لكن لم يُتحقَّق منه بعد مع متحدث.,,3. Le village / القرية,,,,
"5 — Maison, village et quotidien / البيت والقرية والحياة اليومية",3c050000-0000-4000-8000-000000000020,tamurt,تامورت,ⵜⴰⵎⵓⵔⵜ,"land, country","pays, terre",بلد، أرض,nom / اسم,tout l'Aurès (non précisé) / كل الأوراس (غير محدد),medium,"Mot amazigh commun ; usage en chaoui très probable, mais pas encore vérifié avec un locuteur.",كلمة أمازيغية مشتركة؛ استعمالها في الشاوية مرجَّح جدًا لكن لم يُتحقَّق منه بعد مع متحدث.,,3. Le village / القرية,,,,
"5 — Maison, village et quotidien / البيت والقرية والحياة اليومية",3c050000-0000-4000-8000-000000000021,tamezgida,تامزڨيدا,ⵜⴰⵎⴻⵣⴳⵉⴷⴰ,mosque,mosquée,مسجد,nom / اسم,tout l'Aurès (non précisé) / كل الأوراس (غير محدد),medium,"Mot amazigh commun ; usage en chaoui très probable, mais pas encore vérifié avec un locuteur.",كلمة أمازيغية مشتركة؛ استعمالها في الشاوية مرجَّح جدًا لكن لم يُتحقَّق منه بعد مع متحدث.,,3. Le village / القرية,,,,
"5 — Maison, village et quotidien / البيت والقرية والحياة اليومية",3c050000-0000-4000-8000-000000000024,azeṭṭa,أزطا,ⴰⵣⴻⵟⵟⴰ,loom; weaving,métier à tisser ; tissage,منسج؛ نسيج,nom / اسم,tout l'Aurès (non précisé) / كل الأوراس (غير محدد),medium,"Mot amazigh commun ; usage en chaoui très probable, mais pas encore vérifié avec un locuteur.",كلمة أمازيغية مشتركة؛ استعمالها في الشاوية مرجَّح جدًا لكن لم يُتحقَّق منه بعد مع متحدث.,,3. Le village / القرية,,,,
"5 — Maison, village et quotidien / البيت والقرية والحياة اليومية",3c050000-0000-4000-8000-000000000025,kker,كر,ⴽⴽⴻⵔ,get up!,lève-toi !,انهض,verbe / فعل,tout l'Aurès (non précisé) / كل الأوراس (غير محدد),medium,"Mot amazigh commun ; usage en chaoui très probable, mais pas encore vérifié avec un locuteur.",كلمة أمازيغية مشتركة؛ استعمالها في الشاوية مرجَّح جدًا لكن لم يُتحقَّق منه بعد مع متحدث.,,4. Ma journée / يومي,,,,
"5 — Maison, village et quotidien / البيت والقرية والحياة اليومية",3c050000-0000-4000-8000-000000000026,ṭṭes,طس,ⵟⵟⴻⵙ,sleep!,dors !,نَمْ,verbe / فعل,tout l'Aurès (non précisé) / كل الأوراس (غير محدد),medium,"Mot amazigh commun ; usage en chaoui très probable, mais pas encore vérifié avec un locuteur.",كلمة أمازيغية مشتركة؛ استعمالها في الشاوية مرجَّح جدًا لكن لم يُتحقَّق منه بعد مع متحدث.,,4. Ma journée / يومي,,,,
"5 — Maison, village et quotidien / البيت والقرية والحياة اليومية",3c050000-0000-4000-8000-000000000030,ffeɣ,فغ,ⴼⴼⴻⵖ,go out!,sors !,اخرج,verbe / فعل,tout l'Aurès (non précisé) / كل الأوراس (غير محدد),medium,"Mot amazigh commun ; usage en chaoui très probable, mais pas encore vérifié avec un locuteur.",كلمة أمازيغية مشتركة؛ استعمالها في الشاوية مرجَّح جدًا لكن لم يُتحقَّق منه بعد مع متحدث.,,4. Ma journée / يومي,,,,
"6 — Nature, animaux et Aurès / الطبيعة والحيوانات والأوراس",3c060000-0000-4000-8000-000000000002,tala,تالا,ⵜⴰⵍⴰ,spring (of water),source,عين، نبع,nom / اسم,tout l'Aurès (non précisé) / كل الأوراس (غير محدد),medium,"Mot panamazigh, fréquent dans les noms de lieux.",كلمة أمازيغية مشتركة، كثيرة في أسماء الأماكن.,,1. Montagnes et sources / الجبال والعيون,,,,
"6 — Nature, animaux et Aurès / الطبيعة والحيوانات والأوراس",3c060000-0000-4000-8000-000000000003,aẓru,أزرو,ⴰⵥⵔⵓ,"stone, rock","pierre, rocher",حجر، صخرة,nom / اسم,tout l'Aurès (non précisé) / كل الأوراس (غير محدد),medium,"Mot amazigh commun ; usage en chaoui très probable, mais pas encore vérifié avec un locuteur.",كلمة أمازيغية مشتركة؛ استعمالها في الشاوية مرجَّح جدًا لكن لم يُتحقَّق منه بعد مع متحدث.,,1. Montagnes et sources / الجبال والعيون,,,,
"6 — Nature, animaux et Aurès / الطبيعة والحيوانات والأوراس",3c060000-0000-4000-8000-000000000004,akal,أكال,ⴰⴽⴰⵍ,"earth, soil",terre,تراب، أرض,nom / اسم,tout l'Aurès (non précisé) / كل الأوراس (غير محدد),medium,"Mot amazigh commun ; usage en chaoui très probable, mais pas encore vérifié avec un locuteur.",كلمة أمازيغية مشتركة؛ استعمالها في الشاوية مرجَّح جدًا لكن لم يُتحقَّق منه بعد مع متحدث.,,1. Montagnes et sources / الجبال والعيون,,,,
"6 — Nature, animaux et Aurès / الطبيعة والحيوانات والأوراس",3c060000-0000-4000-8000-000000000006,tazdayt,تازدايت,ⵜⴰⵣⴷⴰⵢⵜ,palm tree,palmier,نخلة,nom / اسم,tout l'Aurès (non précisé) / كل الأوراس (غير محدد),medium,"Mot amazigh commun ; usage en chaoui très probable, mais pas encore vérifié avec un locuteur.",كلمة أمازيغية مشتركة؛ استعمالها في الشاوية مرجَّح جدًا لكن لم يُتحقَّق منه بعد مع متحدث.,,1. Montagnes et sources / الجبال والعيون,,,,
"6 — Nature, animaux et Aurès / الطبيعة والحيوانات والأوراس",3c060000-0000-4000-8000-000000000008,ayyur,أيور,ⴰⵢⵢⵓⵔ,moon; month,lune ; mois,قمر؛ شهر,nom / اسم,tout l'Aurès (non précisé) / كل الأوراس (غير محدد),medium,"Mot amazigh commun ; usage en chaoui très probable, mais pas encore vérifié avec un locuteur.",كلمة أمازيغية مشتركة؛ استعمالها في الشاوية مرجَّح جدًا لكن لم يُتحقَّق منه بعد مع متحدث.,,2. Le ciel et le temps / السماء والطقس,,,,
"6 — Nature, animaux et Aurès / الطبيعة والحيوانات والأوراس",3c060000-0000-4000-8000-000000000009,itran,إتران,ⵉⵜⵔⴰⵏ,stars,étoiles,نجوم,nom / اسم,tout l'Aurès (non précisé) / كل الأوراس (غير محدد),medium,"Mot amazigh commun ; usage en chaoui très probable, mais pas encore vérifié avec un locuteur.",كلمة أمازيغية مشتركة؛ استعمالها في الشاوية مرجَّح جدًا لكن لم يُتحقَّق منه بعد مع متحدث.,,2. Le ciel et le temps / السماء والطقس,,,,
"6 — Nature, animaux et Aurès / الطبيعة والحيوانات والأوراس",3c060000-0000-4000-8000-000000000011,adfel,أدفل,ⴰⴷⴼⴻⵍ,snow,neige,ثلج,nom / اسم,tout l'Aurès (non précisé) / كل الأوراس (غير محدد),medium,"Mot amazigh commun ; usage en chaoui très probable, mais pas encore vérifié avec un locuteur.",كلمة أمازيغية مشتركة؛ استعمالها في الشاوية مرجَّح جدًا لكن لم يُتحقَّق منه بعد مع متحدث.,,2. Le ciel et le temps / السماء والطقس,,,,
"6 — Nature, animaux et Aurès / الطبيعة والحيوانات والأوراس",3c060000-0000-4000-8000-000000000012,aḍu,أضو,ⴰⴹⵓ,wind,vent,ريح,nom / اسم,tout l'Aurès (non précisé) / كل الأوراس (غير محدد),medium,"Mot amazigh commun ; usage en chaoui très probable, mais pas encore vérifié avec un locuteur.",كلمة أمازيغية مشتركة؛ استعمالها في الشاوية مرجَّح جدًا لكن لم يُتحقَّق منه بعد مع متحدث.,,2. Le ciel et le temps / السماء والطقس,,,,
"6 — Nature, animaux et Aurès / الطبيعة والحيوانات والأوراس",3c060000-0000-4000-8000-000000000014,adrar n Celya,أدرار ن شيليا,ⴰⴷⵔⴰⵔ ⵏ ⵛⴻⵍⵢⴰ,Mount Chélia,le mont Chélia,جبل شيليا,phrase / عبارة,tout l'Aurès (non précisé) / كل الأوراس (غير محدد),medium,Plus haut sommet des Aurès ; la forme locale du nom est à confirmer.,أعلى قمة في الأوراس؛ يجب تأكيد الصيغة المحلية للاسم.,,2. Le ciel et le temps / السماء والطقس,,,,
"6 — Nature, animaux et Aurès / الطبيعة والحيوانات والأوراس",3c060000-0000-4000-8000-000000000018,tafsut,تافسوت,ⵜⴰⴼⵙⵓⵜ,spring (season),printemps,ربيع,nom / اسم,tout l'Aurès (non précisé) / كل الأوراس (غير محدد),medium,"Mot amazigh commun ; usage en chaoui très probable, mais pas encore vérifié avec un locuteur.",كلمة أمازيغية مشتركة؛ استعمالها في الشاوية مرجَّح جدًا لكن لم يُتحقَّق منه بعد مع متحدث.,,3. Saisons et couleurs / الفصول والألوان,,,,
"6 — Nature, animaux et Aurès / الطبيعة والحيوانات والأوراس",3c060000-0000-4000-8000-000000000019,anebdu,أنبدو,ⴰⵏⴻⴱⴷⵓ,summer,été,صيف,nom / اسم,tout l'Aurès (non précisé) / كل الأوراس (غير محدد),medium,"Mot amazigh commun ; usage en chaoui très probable, mais pas encore vérifié avec un locuteur.",كلمة أمازيغية مشتركة؛ استعمالها في الشاوية مرجَّح جدًا لكن لم يُتحقَّق منه بعد مع متحدث.,,3. Saisons et couleurs / الفصول والألوان,,,,
"6 — Nature, animaux et Aurès / الطبيعة والحيوانات والأوراس",3c060000-0000-4000-8000-000000000020,tagrest,تاڨرست,ⵜⴰⴳⵔⴻⵙⵜ,winter,hiver,شتاء,nom / اسم,tout l'Aurès (non précisé) / كل الأوراس (غير محدد),medium,"Mot amazigh commun ; usage en chaoui très probable, mais pas encore vérifié avec un locuteur.",كلمة أمازيغية مشتركة؛ استعمالها في الشاوية مرجَّح جدًا لكن لم يُتحقَّق منه بعد مع متحدث.,tayrest (prononciation),3. Saisons et couleurs / الفصول والألوان,,,,
"6 — Nature, animaux et Aurès / الطبيعة والحيوانات والأوراس",3c060000-0000-4000-8000-000000000021,amellal,أملال,ⴰⵎⴻⵍⵍⴰⵍ,white,blanc,أبيض,adjectif / صفة,tout l'Aurès (non précisé) / كل الأوراس (غير محدد),medium,"Mot amazigh commun ; usage en chaoui très probable, mais pas encore vérifié avec un locuteur.",كلمة أمازيغية مشتركة؛ استعمالها في الشاوية مرجَّح جدًا لكن لم يُتحقَّق منه بعد مع متحدث.,,3. Saisons et couleurs / الفصول والألوان,,,,
"6 — Nature, animaux et Aurès / الطبيعة والحيوانات والأوراس",3c060000-0000-4000-8000-000000000022,azeggaɣ,أزڨاغ,ⴰⵣⴻⴳⴳⴰⵖ,red,rouge,أحمر,adjectif / صفة,tout l'Aurès (non précisé) / كل الأوراس (غير محدد),medium,"Mot amazigh commun ; usage en chaoui très probable, mais pas encore vérifié avec un locuteur.",كلمة أمازيغية مشتركة؛ استعمالها في الشاوية مرجَّح جدًا لكن لم يُتحقَّق منه بعد مع متحدث.,,3. Saisons et couleurs / الفصول والألوان,,,,
"6 — Nature, animaux et Aurès / الطبيعة والحيوانات والأوراس",3c060000-0000-4000-8000-000000000023,ayis,أيس,ⴰⵢⵉⵙ,horse,cheval,حصان,nom / اسم,tout l'Aurès (non précisé) / كل الأوراس (غير محدد),medium,"Mot amazigh commun ; usage en chaoui très probable, mais pas encore vérifié avec un locuteur.",كلمة أمازيغية مشتركة؛ استعمالها في الشاوية مرجَّح جدًا لكن لم يُتحقَّق منه بعد مع متحدث.,,3. Saisons et couleurs / الفصول والألوان,,,,
"6 — Nature, animaux et Aurès / الطبيعة والحيوانات والأوراس",3c060000-0000-4000-8000-000000000024,ayis amellal,أيس أملال,ⴰⵢⵉⵙ ⴰⵎⴻⵍⵍⴰⵍ,a white horse,un cheval blanc,حصان أبيض,phrase / عبارة,tout l'Aurès (non précisé) / كل الأوراس (غير محدد),medium,"Construction simple et régulière (nom + n + nom, ou particule d) ; les mots sont sûrs.",تركيب بسيط ومنتظم (اسم + n + اسم، أو الأداة d)؛ الكلمات موثوقة.,,3. Saisons et couleurs / الفصول والألوان,,,,
"6 — Nature, animaux et Aurès / الطبيعة والحيوانات والأوراس",3c060000-0000-4000-8000-000000000025,aydi,أيدي,ⴰⵢⴷⵉ,dog,chien,كلب,nom / اسم,tout l'Aurès (non précisé) / كل الأوراس (غير محدد),medium,"Mot amazigh commun ; usage en chaoui très probable, mais pas encore vérifié avec un locuteur.",كلمة أمازيغية مشتركة؛ استعمالها في الشاوية مرجَّح جدًا لكن لم يُتحقَّق منه بعد مع متحدث.,,3. Saisons et couleurs / الفصول والألوان,,,,
"6 — Nature, animaux et Aurès / الطبيعة والحيوانات والأوراس",3c060000-0000-4000-8000-000000000026,aɣyul,أغيول,ⴰⵖⵢⵓⵍ,donkey,âne,حمار,nom / اسم,tout l'Aurès (non précisé) / كل الأوراس (غير محدد),medium,"Mot amazigh commun ; usage en chaoui très probable, mais pas encore vérifié avec un locuteur.",كلمة أمازيغية مشتركة؛ استعمالها في الشاوية مرجَّح جدًا لكن لم يُتحقَّق منه بعد مع متحدث.,,3. Saisons et couleurs / الفصول والألوان,,,,
"6 — Nature, animaux et Aurès / الطبيعة والحيوانات والأوراس",3c060000-0000-4000-8000-000000000027,taɣaṭ,تاغاط,ⵜⴰⵖⴰⵟ,goat,chèvre,عنزة,nom / اسم,tout l'Aurès (non précisé) / كل الأوراس (غير محدد),medium,"Mot amazigh commun ; usage en chaoui très probable, mais pas encore vérifié avec un locuteur.",كلمة أمازيغية مشتركة؛ استعمالها في الشاوية مرجَّح جدًا لكن لم يُتحقَّق منه بعد مع متحدث.,,4. Les animaux des Aurès / حيوانات الأوراس,,,,
"6 — Nature, animaux et Aurès / الطبيعة والحيوانات والأوراس",3c060000-0000-4000-8000-000000000028,ulli,أولي,ⵓⵍⵍⵉ,sheep (the flock),"moutons, brebis",غنم,nom / اسم,tout l'Aurès (non précisé) / كل الأوراس (غير محدد),medium,"Mot amazigh commun ; usage en chaoui très probable, mais pas encore vérifié avec un locuteur.",كلمة أمازيغية مشتركة؛ استعمالها في الشاوية مرجَّح جدًا لكن لم يُتحقَّق منه بعد مع متحدث.,,4. Les animaux des Aurès / حيوانات الأوراس,,,,
"6 — Nature, animaux et Aurès / الطبيعة والحيوانات والأوراس",3c060000-0000-4000-8000-000000000029,izimer,إزيمر,ⵉⵣⵉⵎⴻⵔ,lamb,agneau,حَمَل,nom / اسم,tout l'Aurès (non précisé) / كل الأوراس (غير محدد),medium,"Mot amazigh commun ; usage en chaoui très probable, mais pas encore vérifié avec un locuteur.",كلمة أمازيغية مشتركة؛ استعمالها في الشاوية مرجَّح جدًا لكن لم يُتحقَّق منه بعد مع متحدث.,,4. Les animaux des Aurès / حيوانات الأوراس,,,,
"6 — Nature, animaux et Aurès / الطبيعة والحيوانات والأوراس",3c060000-0000-4000-8000-000000000030,tafunast,تافوناست,ⵜⴰⴼⵓⵏⴰⵙⵜ,cow,vache,بقرة,nom / اسم,tout l'Aurès (non précisé) / كل الأوراس (غير محدد),medium,"Mot amazigh commun ; usage en chaoui très probable, mais pas encore vérifié avec un locuteur.",كلمة أمازيغية مشتركة؛ استعمالها في الشاوية مرجَّح جدًا لكن لم يُتحقَّق منه بعد مع متحدث.,,4. Les animaux des Aurès / حيوانات الأوراس,,,,
"6 — Nature, animaux et Aurès / الطبيعة والحيوانات والأوراس",3c060000-0000-4000-8000-000000000031,tayaziṭ,تايازيط,ⵜⴰⵢⴰⵣⵉⵟ,hen,poule,دجاجة,nom / اسم,tout l'Aurès (non précisé) / كل الأوراس (غير محدد),medium,"Mot amazigh commun ; usage en chaoui très probable, mais pas encore vérifié avec un locuteur.",كلمة أمازيغية مشتركة؛ استعمالها في الشاوية مرجَّح جدًا لكن لم يُتحقَّق منه بعد مع متحدث.,,4. Les animaux des Aurès / حيوانات الأوراس,,,,
"6 — Nature, animaux et Aurès / الطبيعة والحيوانات والأوراس",3c060000-0000-4000-8000-000000000032,ayaziḍ,أيازيض,ⴰⵢⴰⵣⵉⴹ,rooster,coq,ديك,nom / اسم,tout l'Aurès (non précisé) / كل الأوراس (غير محدد),medium,"Mot amazigh commun ; usage en chaoui très probable, mais pas encore vérifié avec un locuteur.",كلمة أمازيغية مشتركة؛ استعمالها في الشاوية مرجَّح جدًا لكن لم يُتحقَّق منه بعد مع متحدث.,,4. Les animaux des Aurès / حيوانات الأوراس,,,,
"6 — Nature, animaux et Aurès / الطبيعة والحيوانات والأوراس",3c060000-0000-4000-8000-000000000033,alɣem,ألغم,ⴰⵍⵖⴻⵎ,camel,chameau,جمل,nom / اسم,tout l'Aurès (non précisé) / كل الأوراس (غير محدد),medium,"Mot amazigh commun ; usage en chaoui très probable, mais pas encore vérifié avec un locuteur.",كلمة أمازيغية مشتركة؛ استعمالها في الشاوية مرجَّح جدًا لكن لم يُتحقَّق منه بعد مع متحدث.,,4. Les animaux des Aurès / حيوانات الأوراس,,,,
"6 — Nature, animaux et Aurès / الطبيعة والحيوانات والأوراس",3c060000-0000-4000-8000-000000000034,uccen,أوشن,ⵓⵛⵛⴻⵏ,jackal,chacal,ابن آوى,nom / اسم,tout l'Aurès (non précisé) / كل الأوراس (غير محدد),medium,"Mot amazigh commun ; usage en chaoui très probable, mais pas encore vérifié avec un locuteur.",كلمة أمازيغية مشتركة؛ استعمالها في الشاوية مرجَّح جدًا لكن لم يُتحقَّق منه بعد مع متحدث.,,4. Les animaux des Aurès / حيوانات الأوراس,,,,
1 — Salutations et présentations / التحيات والتعارف,3c010000-0000-4000-8000-000000000017,isem,إسم,ⵉⵙⴻⵎ,name,nom,اسم,nom / اسم,tout l'Aurès (non précisé) / كل الأوراس (غير محدد),high,"Mot amazigh commun, bien attesté et courant en chaoui.",كلمة أمازيغية مشتركة، موثّقة جيدًا وشائعة في الشاوية.,,3. Comment t'appelles-tu ? / ما اسمك؟,,,,
1 — Salutations et présentations / التحيات والتعارف,3c010000-0000-4000-8000-000000000026,tacawit,تاشاويت,ⵜⴰⵛⴰⵡⵉⵜ,"Tachawit, the Chaoui language","le tachawit, la langue chaouie",الشاوية (اللغة),nom / اسم,tout l'Aurès (non précisé) / كل الأوراس (غير محدد),high,"Nom de la langue, bien établi.",اسم اللغة، معروف وثابت.,,4. Fiers d'être chaouis / شاوي وأفتخر,,,,
1 — Salutations et présentations / التحيات والتعارف,3c010000-0000-4000-8000-000000000027,Awras,أوراس,ⴰⵡⵔⴰⵙ,the Aurès,les Aurès,الأوراس,nom / اسم,tout l'Aurès (non précisé) / كل الأوراس (غير محدد),high,"Nom propre, bien établi.",اسم علم معروف.,,4. Fiers d'être chaouis / شاوي وأفتخر,,,,
2 — La famille et les gens / العائلة والناس,3c020000-0000-4000-8000-000000000001,yemma,يما,ⵢⴻⵎⵎⴰ,my mother,ma mère,أمّي,nom / اسم,tout l'Aurès (non précisé) / كل الأوراس (غير محدد),high,Terme de parenté panamazigh ; « ma » est inclus dans le mot.,كلمة قرابة أمازيغية مشتركة؛ «ـي» متضمَّنة في الكلمة.,,1. Mère et père / الأم والأب,,,,
2 — La famille et les gens / العائلة والناس,3c020000-0000-4000-8000-000000000002,baba,بابا,ⴱⴰⴱⴰ,my father,mon père,أبي,nom / اسم,tout l'Aurès (non précisé) / كل الأوراس (غير محدد),high,Terme de parenté panamazigh ; « mon » est inclus dans le mot.,كلمة قرابة أمازيغية مشتركة؛ «ـي» متضمَّنة في الكلمة.,,1. Mère et père / الأم والأب,,,,
2 — La famille et les gens / العائلة والناس,3c020000-0000-4000-8000-000000000017,argaz,أرڨاز,ⴰⵔⴳⴰⵣ,man; husband,homme ; mari,رجل؛ زوج,nom / اسم,tout l'Aurès (non précisé) / كل الأوراس (غير محدد),high,Mot panamazigh ; dans une grande partie des Aurès le g se prononce y (aryaz).,كلمة أمازيغية مشتركة؛ في كثير من الأوراس تُنطق g ياءً (aryaz).,aryaz (prononciation),3. Hommes et femmes / الرجال والنساء,,,,
"3 — Nombres, jours et temps / الأعداد والأيام والوقت",3c030000-0000-4000-8000-000000000003,sin,سين,ⵙⵉⵏ,two,deux,اثنان,nombre / عدد,tout l'Aurès (non précisé) / كل الأوراس (غير محدد),high,"Mot amazigh commun, bien attesté et courant en chaoui.",كلمة أمازيغية مشتركة، موثّقة جيدًا وشائعة في الشاوية.,,1. De un à cinq / من واحد إلى خمسة,,,,
"3 — Nombres, jours et temps / الأعداد والأيام والوقت",3c030000-0000-4000-8000-000000000016,ass,أس,ⴰⵙⵙ,day,jour,يوم,nom / اسم,tout l'Aurès (non précisé) / كل الأوراس (غير محدد),high,"Mot amazigh commun, bien attesté et courant en chaoui.",كلمة أمازيغية مشتركة، موثّقة جيدًا وشائعة في الشاوية.,,3. Le jour et la nuit / النهار والليل,,,,
"3 — Nombres, jours et temps / الأعداد والأيام والوقت",3c030000-0000-4000-8000-000000000026,yennayer,يناير,ⵢⴻⵏⵏⴰⵢⴻⵔ,"Yennayer, the Amazigh new year","Yennayer, le nouvel an amazigh",ينّاير، رأس السنة الأمازيغية,nom / اسم,tout l'Aurès (non précisé) / كل الأوراس (غير محدد),high,"Nom du nouvel an amazigh, bien établi.",اسم رأس السنة الأمازيغية، معروف وثابت.,,4. Une nouvelle année / سنة جديدة,,,,
"4 — Nourriture, boissons et marché / الطعام والشراب والسوق",3c040000-0000-4000-8000-000000000001,aman,أمان,ⴰⵎⴰⵏ,water,eau,ماء,nom / اسم,tout l'Aurès (non précisé) / كل الأوراس (غير محدد),high,"Mot amazigh commun, bien attesté et courant en chaoui.",كلمة أمازيغية مشتركة، موثّقة جيدًا وشائعة في الشاوية.,,1. Le pain et l'eau / الخبز والماء,,,,
"4 — Nourriture, boissons et marché / الطعام والشراب والسوق",3c040000-0000-4000-8000-000000000002,aɣrum,أغروم,ⴰⵖⵔⵓⵎ,bread,pain,خبز,nom / اسم,tout l'Aurès (non précisé) / كل الأوراس (غير محدد),high,"Mot amazigh commun, bien attesté et courant en chaoui.",كلمة أمازيغية مشتركة، موثّقة جيدًا وشائعة في الشاوية.,,1. Le pain et l'eau / الخبز والماء,,,,
"6 — Nature, animaux et Aurès / الطبيعة والحيوانات والأوراس",3c060000-0000-4000-8000-000000000001,adrar,أدرار,ⴰⴷⵔⴰⵔ,mountain,montagne,جبل,nom / اسم,tout l'Aurès (non précisé) / كل الأوراس (غير محدد),high,"Mot amazigh commun, bien attesté et courant en chaoui.",كلمة أمازيغية مشتركة، موثّقة جيدًا وشائعة في الشاوية.,,1. Montagnes et sources / الجبال والعيون,,,,
